SKU,Date,Units_Sold,Baseline_Forecast
SKU001,2025-01-05,78,106.0
SKU001,2025-01-12,100,85.0
SKU001,2025-01-19,89,117.0
SKU001,2025-01-26,103,89.0
SKU001,2025-02-02,100,119.0
SKU001,2025-02-09,106,112.0
SKU001,2025-02-16,124,104.0
SKU001,2025-02-23,116,120.0
SKU001,2025-03-02,111,103.0
SKU001,2025-03-09,98,119.0
SKU001,2025-03-16,133,122.0
SKU001,2025-03-23,128,130.0
SKU001,2025-03-30,115,102.0
SKU001,2025-04-06,100,122.0
SKU001,2025-04-13,112,115.0
SKU001,2025-04-20,108,103.0
SKU001,2025-04-27,134,112.0
SKU001,2025-05-04,99,110.0
SKU001,2025-05-11,119,117.0
SKU001,2025-05-18,115,115.0
SKU001,2025-05-25,119,115.0
SKU001,2025-06-01,111,108.0
SKU001,2025-06-08,121,126.0
SKU001,2025-06-15,104,106.0
SKU001,2025-06-22,110,100.0
SKU001,2025-06-29,134,124.0
SKU001,2025-07-06,101,84.0
SKU001,2025-07-13,111,101.0
SKU001,2025-07-20,118,75.0
SKU001,2025-07-27,111,96.0
SKU001,2025-08-03,101,94.0
SKU001,2025-08-10,77,82.0
SKU001,2025-08-17,90,89.0
SKU001,2025-08-24,91,98.0
SKU001,2025-08-31,97,92.0
SKU001,2025-09-07,88,96.0
SKU001,2025-09-14,93,89.0
SKU001,2025-09-21,88,104.0
SKU001,2025-09-28,86,109.0
SKU001,2025-10-05,83,71.0
SKU001,2025-10-12,82,82.0
SKU001,2025-10-19,82,88.0
SKU001,2025-10-26,78,89.0
SKU001,2025-11-02,93,83.0
SKU001,2025-11-09,92,99.0
SKU001,2025-11-16,87,80.0
SKU001,2025-11-23,84,88.0
SKU001,2025-11-30,84,68.0
SKU001,2025-12-07,88,83.0
SKU001,2025-12-14,89,94.0
SKU001,2025-12-21,91,77.0
SKU001,2025-12-28,76,105.0
SKU002,2025-01-05,70,83.0
SKU002,2025-01-12,63,61.0
SKU002,2025-01-19,67,57.0
SKU002,2025-01-26,66,62.0
SKU002,2025-02-02,85,68.0
SKU002,2025-02-09,71,72.0
SKU002,2025-02-16,79,65.0
SKU002,2025-02-23,82,64.0
SKU002,2025-03-02,95,74.0
SKU002,2025-03-09,99,69.0
SKU002,2025-03-16,80,103.0
SKU002,2025-03-23,81,89.0
SKU002,2025-03-30,96,106.0
SKU002,2025-04-06,80,79.0
SKU002,2025-04-13,89,76.0
SKU002,2025-04-20,82,93.0
SKU002,2025-04-27,79,75.0
SKU002,2025-05-04,67,91.0
SKU002,2025-05-11,77,88.0
SKU002,2025-05-18,84,86.0
SKU002,2025-05-25,82,78.0
SKU002,2025-06-01,93,77.0
SKU002,2025-06-08,73,76.0
SKU002,2025-06-15,91,82.0
SKU002,2025-06-22,84,62.0
SKU002,2025-06-29,70,80.0
SKU002,2025-07-06,53,81.0
SKU002,2025-07-13,78,74.0
SKU002,2025-07-20,69,84.0
SKU002,2025-07-27,76,59.0
SKU002,2025-08-03,75,51.0
SKU002,2025-08-10,60,65.0
SKU002,2025-08-17,70,58.0
SKU002,2025-08-24,70,46.0
SKU002,2025-08-31,79,69.0
SKU002,2025-09-07,62,56.0
SKU002,2025-09-14,65,61.0
SKU002,2025-09-21,79,59.0
SKU002,2025-09-28,60,63.0
SKU002,2025-10-05,63,51.0
SKU002,2025-10-12,56,65.0
SKU002,2025-10-19,59,72.0
SKU002,2025-10-26,51,47.0
SKU002,2025-11-02,70,65.0
SKU002,2025-11-09,72,52.0
SKU002,2025-11-16,60,67.0
SKU002,2025-11-23,64,66.0
SKU002,2025-11-30,66,57.0
SKU002,2025-12-07,51,66.0
SKU002,2025-12-14,55,57.0
SKU002,2025-12-21,55,59.0
SKU002,2025-12-28,51,65.0
SKU003,2025-01-05,32,36.0
SKU003,2025-01-12,34,32.0
SKU003,2025-01-19,41,32.0
SKU003,2025-01-26,23,43.0
SKU003,2025-02-02,40,40.0
SKU003,2025-02-09,34,46.0
SKU003,2025-02-16,47,34.0
SKU003,2025-02-23,45,44.0
SKU003,2025-03-02,54,52.0
SKU003,2025-03-09,44,66.0
SKU003,2025-03-16,57,46.0
SKU003,2025-03-23,69,48.0
SKU003,2025-03-30,50,49.0
SKU003,2025-04-06,38,48.0
SKU003,2025-04-13,48,47.0
SKU003,2025-04-20,48,47.0
SKU003,2025-04-27,49,45.0
SKU003,2025-05-04,41,45.0
SKU003,2025-05-11,50,37.0
SKU003,2025-05-18,41,41.0
SKU003,2025-05-25,43,50.0
SKU003,2025-06-01,45,60.0
SKU003,2025-06-08,50,52.0
SKU003,2025-06-15,53,47.0
SKU003,2025-06-22,48,57.0
SKU003,2025-06-29,44,30.0
SKU003,2025-07-06,42,43.0
SKU003,2025-07-13,44,32.0
SKU003,2025-07-20,37,28.0
SKU003,2025-07-27,41,42.0
SKU003,2025-08-03,26,45.0
SKU003,2025-08-10,38,35.0
SKU003,2025-08-17,39,37.0
SKU003,2025-08-24,34,38.0
SKU003,2025-08-31,27,40.0
SKU003,2025-09-07,34,38.0
SKU003,2025-09-14,42,30.0
SKU003,2025-09-21,39,41.0
SKU003,2025-09-28,42,32.0
SKU003,2025-10-05,43,32.0
SKU003,2025-10-12,33,34.0
SKU003,2025-10-19,26,27.0
SKU003,2025-10-26,34,35.0
SKU003,2025-11-02,41,17.0
SKU003,2025-11-09,39,41.0
SKU003,2025-11-16,37,38.0
SKU003,2025-11-23,41,39.0
SKU003,2025-11-30,29,36.0
SKU003,2025-12-07,38,38.0
SKU003,2025-12-14,33,23.0
SKU003,2025-12-21,23,48.0
SKU003,2025-12-28,34,30.0
SKU004,2025-01-05,37,31.0
SKU004,2025-01-12,35,25.0
SKU004,2025-01-19,24,38.0
SKU004,2025-01-26,38,33.0
SKU004,2025-02-02,34,43.0
SKU004,2025-02-09,32,34.0
SKU004,2025-02-16,37,35.0
SKU004,2025-02-23,33,22.0
SKU004,2025-03-02,50,45.0
SKU004,2025-03-09,36,40.0
SKU004,2025-03-16,35,41.0
SKU004,2025-03-23,39,36.0
SKU004,2025-03-30,43,27.0
SKU004,2025-04-06,22,35.0
SKU004,2025-04-13,39,30.0
SKU004,2025-04-20,45,44.0
SKU004,2025-04-27,41,28.0
SKU004,2025-05-04,31,37.0
SKU004,2025-05-11,34,47.0
SKU004,2025-05-18,33,54.0
SKU004,2025-05-25,38,40.0
SKU004,2025-06-01,30,28.0
SKU004,2025-06-08,28,41.0
SKU004,2025-06-15,29,40.0
SKU004,2025-06-22,48,37.0
SKU004,2025-06-29,31,34.0
SKU004,2025-07-06,27,28.0
SKU004,2025-07-13,32,33.0
SKU004,2025-07-20,34,35.0
SKU004,2025-07-27,29,32.0
SKU004,2025-08-03,33,32.0
SKU004,2025-08-10,26,33.0
SKU004,2025-08-17,26,30.0
SKU004,2025-08-24,18,29.0
SKU004,2025-08-31,36,22.0
SKU004,2025-09-07,38,30.0
SKU004,2025-09-14,29,34.0
SKU004,2025-09-21,26,29.0
SKU004,2025-09-28,28,26.0
SKU004,2025-10-05,23,26.0
SKU004,2025-10-12,28,29.0
SKU004,2025-10-19,24,29.0
SKU004,2025-10-26,24,26.0
SKU004,2025-11-02,32,32.0
SKU004,2025-11-09,27,29.0
SKU004,2025-11-16,31,26.0
SKU004,2025-11-23,28,19.0
SKU004,2025-11-30,22,24.0
SKU004,2025-12-07,28,30.0
SKU004,2025-12-14,39,33.0
SKU004,2025-12-21,38,27.0
SKU004,2025-12-28,30,28.0
SKU005,2025-01-05,111,109.0
SKU005,2025-01-12,97,116.0
SKU005,2025-01-19,133,108.0
SKU005,2025-01-26,110,102.0
SKU005,2025-02-02,107,129.0
SKU005,2025-02-09,123,135.0
SKU005,2025-02-16,132,144.0
SKU005,2025-02-23,139,124.0
SKU005,2025-03-02,160,134.0
SKU005,2025-03-09,140,147.0
SKU005,2025-03-16,142,144.0
SKU005,2025-03-23,144,151.0
SKU005,2025-03-30,134,126.0
SKU005,2025-04-06,142,138.0
SKU005,2025-04-13,132,113.0
SKU005,2025-04-20,134,140.0
SKU005,2025-04-27,141,113.0
SKU005,2025-05-04,116,122.0
SKU005,2025-05-11,117,142.0
SKU005,2025-05-18,122,122.0
SKU005,2025-05-25,137,118.0
SKU005,2025-06-01,130,124.0
SKU005,2025-06-08,140,157.0
SKU005,2025-06-15,133,138.0
SKU005,2025-06-22,116,149.0
SKU005,2025-06-29,134,145.0
SKU005,2025-07-06,99,105.0
SKU005,2025-07-13,104,114.0
SKU005,2025-07-20,106,109.0
SKU005,2025-07-27,124,114.0
SKU005,2025-08-03,115,108.0
SKU005,2025-08-10,96,95.0
SKU005,2025-08-17,114,103.0
SKU005,2025-08-24,95,113.0
SKU005,2025-08-31,96,122.0
SKU005,2025-09-07,95,113.0
SKU005,2025-09-14,96,104.0
SKU005,2025-09-21,89,95.0
SKU005,2025-09-28,108,108.0
SKU005,2025-10-05,97,86.0
SKU005,2025-10-12,107,96.0
SKU005,2025-10-19,105,92.0
SKU005,2025-10-26,98,85.0
SKU005,2025-11-02,104,109.0
SKU005,2025-11-09,114,109.0
SKU005,2025-11-16,102,123.0
SKU005,2025-11-23,115,104.0
SKU005,2025-11-30,100,79.0
SKU005,2025-12-07,96,95.0
SKU005,2025-12-14,103,107.0
SKU005,2025-12-21,100,110.0
SKU005,2025-12-28,108,106.0
SKU006,2025-01-05,45,38.0
SKU006,2025-01-12,50,34.0
SKU006,2025-01-19,46,43.0
SKU006,2025-01-26,51,39.0
SKU006,2025-02-02,47,49.0
SKU006,2025-02-09,46,50.0
SKU006,2025-02-16,45,52.0
SKU006,2025-02-23,51,50.0
SKU006,2025-03-02,57,56.0
SKU006,2025-03-09,58,76.0
SKU006,2025-03-16,66,50.0
SKU006,2025-03-23,42,55.0
SKU006,2025-03-30,55,53.0
SKU006,2025-04-06,56,68.0
SKU006,2025-04-13,53,61.0
SKU006,2025-04-20,46,54.0
SKU006,2025-04-27,67,44.0
SKU006,2025-05-04,44,54.0
SKU006,2025-05-11,66,45.0
SKU006,2025-05-18,55,52.0
SKU006,2025-05-25,51,58.0
SKU006,2025-06-01,50,46.0
SKU006,2025-06-08,57,33.0
SKU006,2025-06-15,64,41.0
SKU006,2025-06-22,42,42.0
SKU006,2025-06-29,54,59.0
SKU006,2025-07-06,41,54.0
SKU006,2025-07-13,31,42.0
SKU006,2025-07-20,45,47.0
SKU006,2025-07-27,43,48.0
SKU006,2025-08-03,49,45.0
SKU006,2025-08-10,46,25.0
SKU006,2025-08-17,38,39.0
SKU006,2025-08-24,42,34.0
SKU006,2025-08-31,36,55.0
SKU006,2025-09-07,43,33.0
SKU006,2025-09-14,40,38.0
SKU006,2025-09-21,45,42.0
SKU006,2025-09-28,48,40.0
SKU006,2025-10-05,43,47.0
SKU006,2025-10-12,38,38.0
SKU006,2025-10-19,29,37.0
SKU006,2025-10-26,34,29.0
SKU006,2025-11-02,36,40.0
SKU006,2025-11-09,39,40.0
SKU006,2025-11-16,31,28.0
SKU006,2025-11-23,45,41.0
SKU006,2025-11-30,40,44.0
SKU006,2025-12-07,37,44.0
SKU006,2025-12-14,41,34.0
SKU006,2025-12-21,41,44.0
SKU006,2025-12-28,43,48.0
SKU007,2025-01-05,175,172.0
SKU007,2025-01-12,171,178.0
SKU007,2025-01-19,156,189.0
SKU007,2025-01-26,179,176.0
SKU007,2025-02-02,178,171.0
SKU007,2025-02-09,179,163.0
SKU007,2025-02-16,171,195.0
SKU007,2025-02-23,171,173.0
SKU007,2025-03-02,189,201.0
SKU007,2025-03-09,217,195.0
SKU007,2025-03-16,191,212.0
SKU007,2025-03-23,194,223.0
SKU007,2025-03-30,208,192.0
SKU007,2025-04-06,201,199.0
SKU007,2025-04-13,194,222.0
SKU007,2025-04-20,200,199.0
SKU007,2025-04-27,201,198.0
SKU007,2025-05-04,199,188.0
SKU007,2025-05-11,168,174.0
SKU007,2025-05-18,180,184.0
SKU007,2025-05-25,203,209.0
SKU007,2025-06-01,196,242.0
SKU007,2025-06-08,185,196.0
SKU007,2025-06-15,174,203.0
SKU007,2025-06-22,187,219.0
SKU007,2025-06-29,212,204.0
SKU007,2025-07-06,181,187.0
SKU007,2025-07-13,187,179.0
SKU007,2025-07-20,161,180.0
SKU007,2025-07-27,167,172.0
SKU007,2025-08-03,181,160.0
SKU007,2025-08-10,145,141.0
SKU007,2025-08-17,158,164.0
SKU007,2025-08-24,146,160.0
SKU007,2025-08-31,170,151.0
SKU007,2025-09-07,152,157.0
SKU007,2025-09-14,153,174.0
SKU007,2025-09-21,162,151.0
SKU007,2025-09-28,171,170.0
SKU007,2025-10-05,129,130.0
SKU007,2025-10-12,149,123.0
SKU007,2025-10-19,158,128.0
SKU007,2025-10-26,131,124.0
SKU007,2025-11-02,152,152.0
SKU007,2025-11-09,142,172.0
SKU007,2025-11-16,131,159.0
SKU007,2025-11-23,157,167.0
SKU007,2025-11-30,181,132.0
SKU007,2025-12-07,145,148.0
SKU007,2025-12-14,154,137.0
SKU007,2025-12-21,149,167.0
SKU007,2025-12-28,161,147.0
SKU008,2025-01-05,103,119.0
SKU008,2025-01-12,105,137.0
SKU008,2025-01-19,111,118.0
SKU008,2025-01-26,106,108.0
SKU008,2025-02-02,121,114.0
SKU008,2025-02-09,134,113.0
SKU008,2025-02-16,122,107.0
SKU008,2025-02-23,112,118.0
SKU008,2025-03-02,138,131.0
SKU008,2025-03-09,133,132.0
SKU008,2025-03-16,153,147.0
SKU008,2025-03-23,139,144.0
SKU008,2025-03-30,154,128.0
SKU008,2025-04-06,146,128.0
SKU008,2025-04-13,131,128.0
SKU008,2025-04-20,138,139.0
SKU008,2025-04-27,130,134.0
SKU008,2025-05-04,127,139.0
SKU008,2025-05-11,139,131.0
SKU008,2025-05-18,121,128.0
SKU008,2025-05-25,118,137.0
SKU008,2025-06-01,135,140.0
SKU008,2025-06-08,122,125.0
SKU008,2025-06-15,136,106.0
SKU008,2025-06-22,101,134.0
SKU008,2025-06-29,118,144.0
SKU008,2025-07-06,128,112.0
SKU008,2025-07-13,109,120.0
SKU008,2025-07-20,110,108.0
SKU008,2025-07-27,105,134.0
SKU008,2025-08-03,112,100.0
SKU008,2025-08-10,101,97.0
SKU008,2025-08-17,126,99.0
SKU008,2025-08-24,89,113.0
SKU008,2025-08-31,101,107.0
SKU008,2025-09-07,92,115.0
SKU008,2025-09-14,90,93.0
SKU008,2025-09-21,87,101.0
SKU008,2025-09-28,93,107.0
SKU008,2025-10-05,98,89.0
SKU008,2025-10-12,88,80.0
SKU008,2025-10-19,115,71.0
SKU008,2025-10-26,81,97.0
SKU008,2025-11-02,100,99.0
SKU008,2025-11-09,112,97.0
SKU008,2025-11-16,94,106.0
SKU008,2025-11-23,91,88.0
SKU008,2025-11-30,117,108.0
SKU008,2025-12-07,97,109.0
SKU008,2025-12-14,112,104.0
SKU008,2025-12-21,100,82.0
SKU008,2025-12-28,105,97.0
SKU009,2025-01-05,66,70.0
SKU009,2025-01-12,55,66.0
SKU009,2025-01-19,70,73.0
SKU009,2025-01-26,71,80.0
SKU009,2025-02-02,69,103.0
SKU009,2025-02-09,86,85.0
SKU009,2025-02-16,74,79.0
SKU009,2025-02-23,75,80.0
SKU009,2025-03-02,91,92.0
SKU009,2025-03-09,99,86.0
SKU009,2025-03-16,92,101.0
SKU009,2025-03-23,102,95.0
SKU009,2025-03-30,82,88.0
SKU009,2025-04-06,76,82.0
SKU009,2025-04-13,79,106.0
SKU009,2025-04-20,69,100.0
SKU009,2025-04-27,100,104.0
SKU009,2025-05-04,76,80.0
SKU009,2025-05-11,92,70.0
SKU009,2025-05-18,104,83.0
SKU009,2025-05-25,88,83.0
SKU009,2025-06-01,74,74.0
SKU009,2025-06-08,88,94.0
SKU009,2025-06-15,86,93.0
SKU009,2025-06-22,81,64.0
SKU009,2025-06-29,92,84.0
SKU009,2025-07-06,83,78.0
SKU009,2025-07-13,69,63.0
SKU009,2025-07-20,73,85.0
SKU009,2025-07-27,67,82.0
SKU009,2025-08-03,69,85.0
SKU009,2025-08-10,66,66.0
SKU009,2025-08-17,61,70.0
SKU009,2025-08-24,69,59.0
SKU009,2025-08-31,62,58.0
SKU009,2025-09-07,71,58.0
SKU009,2025-09-14,87,56.0
SKU009,2025-09-21,70,58.0
SKU009,2025-09-28,69,67.0
SKU009,2025-10-05,58,42.0
SKU009,2025-10-12,51,65.0
SKU009,2025-10-19,63,58.0
SKU009,2025-10-26,52,52.0
SKU009,2025-11-02,78,66.0
SKU009,2025-11-09,55,71.0
SKU009,2025-11-16,62,67.0
SKU009,2025-11-23,63,60.0
SKU009,2025-11-30,66,52.0
SKU009,2025-12-07,77,55.0
SKU009,2025-12-14,82,71.0
SKU009,2025-12-21,69,76.0
SKU009,2025-12-28,77,68.0
SKU010,2025-01-05,116,111.0
SKU010,2025-01-12,118,108.0
SKU010,2025-01-19,113,115.0
SKU010,2025-01-26,118,115.0
SKU010,2025-02-02,97,129.0
SKU010,2025-02-09,124,136.0
SKU010,2025-02-16,128,133.0
SKU010,2025-02-23,128,146.0
SKU010,2025-03-02,155,145.0
SKU010,2025-03-09,160,154.0
SKU010,2025-03-16,139,138.0
SKU010,2025-03-23,139,141.0
SKU010,2025-03-30,156,162.0
SKU010,2025-04-06,149,124.0
SKU010,2025-04-13,133,141.0
SKU010,2025-04-20,137,121.0
SKU010,2025-04-27,144,121.0
SKU010,2025-05-04,134,144.0
SKU010,2025-05-11,130,117.0
SKU010,2025-05-18,131,145.0
SKU010,2025-05-25,141,141.0
SKU010,2025-06-01,145,158.0
SKU010,2025-06-08,136,151.0
SKU010,2025-06-15,141,141.0
SKU010,2025-06-22,139,153.0
SKU010,2025-06-29,123,129.0
SKU010,2025-07-06,111,103.0
SKU010,2025-07-13,120,113.0
SKU010,2025-07-20,124,111.0
SKU010,2025-07-27,105,119.0
SKU010,2025-08-03,91,110.0
SKU010,2025-08-10,95,103.0
SKU010,2025-08-17,113,103.0
SKU010,2025-08-24,100,99.0
SKU010,2025-08-31,114,96.0
SKU010,2025-09-07,104,92.0
SKU010,2025-09-14,92,116.0
SKU010,2025-09-21,114,115.0
SKU010,2025-09-28,100,128.0
SKU010,2025-10-05,79,122.0
SKU010,2025-10-12,83,79.0
SKU010,2025-10-19,96,74.0
SKU010,2025-10-26,86,92.0
SKU010,2025-11-02,120,109.0
SKU010,2025-11-09,91,100.0
SKU010,2025-11-16,105,113.0
SKU010,2025-11-23,102,121.0
SKU010,2025-11-30,104,93.0
SKU010,2025-12-07,126,99.0
SKU010,2025-12-14,108,106.0
SKU010,2025-12-21,102,109.0
SKU010,2025-12-28,102,109.0
SKU011,2025-01-05,17,14.0
SKU011,2025-01-12,21,20.0
SKU011,2025-01-19,19,14.0
SKU011,2025-01-26,24,15.0
SKU011,2025-02-02,13,21.0
SKU011,2025-02-09,16,14.0
SKU011,2025-02-16,16,20.0
SKU011,2025-02-23,23,28.0
SKU011,2025-03-02,18,23.0
SKU011,2025-03-09,15,21.0
SKU011,2025-03-16,22,24.0
SKU011,2025-03-23,19,25.0
SKU011,2025-03-30,18,16.0
SKU011,2025-04-06,20,20.0
SKU011,2025-04-13,26,22.0
SKU011,2025-04-20,22,19.0
SKU011,2025-04-27,24,31.0
SKU011,2025-05-04,17,20.0
SKU011,2025-05-11,17,30.0
SKU011,2025-05-18,14,28.0
SKU011,2025-05-25,16,17.0
SKU011,2025-06-01,29,26.0
SKU011,2025-06-08,20,24.0
SKU011,2025-06-15,26,19.0
SKU011,2025-06-22,18,16.0
SKU011,2025-06-29,22,19.0
SKU011,2025-07-06,25,19.0
SKU011,2025-07-13,14,27.0
SKU011,2025-07-20,21,12.0
SKU011,2025-07-27,11,14.0
SKU011,2025-08-03,18,12.0
SKU011,2025-08-10,22,16.0
SKU011,2025-08-17,14,17.0
SKU011,2025-08-24,24,9.0
SKU011,2025-08-31,11,17.0
SKU011,2025-09-07,16,18.0
SKU011,2025-09-14,16,22.0
SKU011,2025-09-21,16,15.0
SKU011,2025-09-28,11,18.0
SKU011,2025-10-05,28,11.0
SKU011,2025-10-12,16,16.0
SKU011,2025-10-19,11,13.0
SKU011,2025-10-26,18,9.0
SKU011,2025-11-02,19,15.0
SKU011,2025-11-09,19,11.0
SKU011,2025-11-16,25,16.0
SKU011,2025-11-23,9,25.0
SKU011,2025-11-30,15,22.0
SKU011,2025-12-07,17,25.0
SKU011,2025-12-14,23,15.0
SKU011,2025-12-21,18,20.0
SKU011,2025-12-28,22,17.0
SKU012,2025-01-05,161,181.0
SKU012,2025-01-12,180,176.0
SKU012,2025-01-19,194,178.0
SKU012,2025-01-26,191,185.0
SKU012,2025-02-02,172,186.0
SKU012,2025-02-09,195,206.0
SKU012,2025-02-16,203,192.0
SKU012,2025-02-23,214,190.0
SKU012,2025-03-02,208,229.0
SKU012,2025-03-09,224,205.0
SKU012,2025-03-16,217,206.0
SKU012,2025-03-23,217,210.0
SKU012,2025-03-30,253,231.0
SKU012,2025-04-06,218,223.0
SKU012,2025-04-13,195,211.0
SKU012,2025-04-20,198,216.0
SKU012,2025-04-27,210,217.0
SKU012,2025-05-04,202,209.0
SKU012,2025-05-11,196,210.0
SKU012,2025-05-18,206,188.0
SKU012,2025-05-25,202,183.0
SKU012,2025-06-01,200,204.0
SKU012,2025-06-08,205,205.0
SKU012,2025-06-15,204,230.0
SKU012,2025-06-22,190,213.0
SKU012,2025-06-29,173,202.0
SKU012,2025-07-06,171,173.0
SKU012,2025-07-13,189,174.0
SKU012,2025-07-20,179,190.0
SKU012,2025-07-27,155,198.0
SKU012,2025-08-03,160,163.0
SKU012,2025-08-10,163,163.0
SKU012,2025-08-17,177,154.0
SKU012,2025-08-24,178,169.0
SKU012,2025-08-31,171,176.0
SKU012,2025-09-07,180,151.0
SKU012,2025-09-14,160,167.0
SKU012,2025-09-21,171,163.0
SKU012,2025-09-28,150,174.0
SKU012,2025-10-05,136,144.0
SKU012,2025-10-12,140,144.0
SKU012,2025-10-19,128,144.0
SKU012,2025-10-26,141,140.0
SKU012,2025-11-02,151,183.0
SKU012,2025-11-09,155,156.0
SKU012,2025-11-16,163,179.0
SKU012,2025-11-23,155,177.0
SKU012,2025-11-30,161,170.0
SKU012,2025-12-07,167,147.0
SKU012,2025-12-14,155,184.0
SKU012,2025-12-21,171,161.0
SKU012,2025-12-28,150,161.0
SKU013,2025-01-05,82,101.0
SKU013,2025-01-12,93,99.0
SKU013,2025-01-19,98,105.0
SKU013,2025-01-26,87,97.0
SKU013,2025-02-02,91,98.0
SKU013,2025-02-09,97,117.0
SKU013,2025-02-16,97,111.0
SKU013,2025-02-23,100,94.0
SKU013,2025-03-02,105,130.0
SKU013,2025-03-09,110,120.0
SKU013,2025-03-16,110,137.0
SKU013,2025-03-23,115,138.0
SKU013,2025-03-30,127,108.0
SKU013,2025-04-06,111,114.0
SKU013,2025-04-13,105,110.0
SKU013,2025-04-20,114,128.0
SKU013,2025-04-27,110,102.0
SKU013,2025-05-04,109,108.0
SKU013,2025-05-11,139,120.0
SKU013,2025-05-18,106,103.0
SKU013,2025-05-25,90,113.0
SKU013,2025-06-01,117,134.0
SKU013,2025-06-08,99,112.0
SKU013,2025-06-15,115,92.0
SKU013,2025-06-22,118,107.0
SKU013,2025-06-29,128,107.0
SKU013,2025-07-06,101,94.0
SKU013,2025-07-13,109,95.0
SKU013,2025-07-20,87,86.0
SKU013,2025-07-27,87,107.0
SKU013,2025-08-03,85,104.0
SKU013,2025-08-10,82,85.0
SKU013,2025-08-17,106,71.0
SKU013,2025-08-24,96,91.0
SKU013,2025-08-31,84,86.0
SKU013,2025-09-07,99,98.0
SKU013,2025-09-14,105,101.0
SKU013,2025-09-21,82,84.0
SKU013,2025-09-28,82,99.0
SKU013,2025-10-05,96,68.0
SKU013,2025-10-12,87,75.0
SKU013,2025-10-19,61,80.0
SKU013,2025-10-26,69,64.0
SKU013,2025-11-02,79,93.0
SKU013,2025-11-09,84,72.0
SKU013,2025-11-16,89,96.0
SKU013,2025-11-23,80,101.0
SKU013,2025-11-30,95,81.0
SKU013,2025-12-07,78,95.0
SKU013,2025-12-14,107,94.0
SKU013,2025-12-21,96,84.0
SKU013,2025-12-28,71,83.0
SKU014,2025-01-05,131,155.0
SKU014,2025-01-12,131,152.0
SKU014,2025-01-19,144,145.0
SKU014,2025-01-26,181,132.0
SKU014,2025-02-02,126,138.0
SKU014,2025-02-09,167,165.0
SKU014,2025-02-16,188,169.0
SKU014,2025-02-23,155,147.0
SKU014,2025-03-02,180,188.0
SKU014,2025-03-09,182,185.0
SKU014,2025-03-16,207,194.0
SKU014,2025-03-23,187,193.0
SKU014,2025-03-30,173,193.0
SKU014,2025-04-06,163,174.0
SKU014,2025-04-13,182,186.0
SKU014,2025-04-20,176,198.0
SKU014,2025-04-27,177,151.0
SKU014,2025-05-04,156,170.0
SKU014,2025-05-11,156,163.0
SKU014,2025-05-18,151,146.0
SKU014,2025-05-25,164,168.0
SKU014,2025-06-01,164,199.0
SKU014,2025-06-08,202,174.0
SKU014,2025-06-15,163,175.0
SKU014,2025-06-22,159,176.0
SKU014,2025-06-29,191,184.0
SKU014,2025-07-06,134,137.0
SKU014,2025-07-13,126,158.0
SKU014,2025-07-20,139,151.0
SKU014,2025-07-27,148,154.0
SKU014,2025-08-03,141,132.0
SKU014,2025-08-10,121,144.0
SKU014,2025-08-17,123,123.0
SKU014,2025-08-24,131,129.0
SKU014,2025-08-31,157,135.0
SKU014,2025-09-07,127,146.0
SKU014,2025-09-14,151,145.0
SKU014,2025-09-21,140,137.0
SKU014,2025-09-28,132,151.0
SKU014,2025-10-05,123,97.0
SKU014,2025-10-12,122,126.0
SKU014,2025-10-19,120,123.0
SKU014,2025-10-26,133,128.0
SKU014,2025-11-02,127,132.0
SKU014,2025-11-09,117,130.0
SKU014,2025-11-16,130,124.0
SKU014,2025-11-23,130,152.0
SKU014,2025-11-30,151,142.0
SKU014,2025-12-07,124,128.0
SKU014,2025-12-14,137,135.0
SKU014,2025-12-21,116,141.0
SKU014,2025-12-28,122,135.0
SKU015,2025-01-05,31,35.0
SKU015,2025-01-12,25,27.0
SKU015,2025-01-19,27,30.0
SKU015,2025-01-26,32,27.0
SKU015,2025-02-02,29,35.0
SKU015,2025-02-09,31,46.0
SKU015,2025-02-16,37,29.0
SKU015,2025-02-23,30,35.0
SKU015,2025-03-02,36,26.0
SKU015,2025-03-09,37,43.0
SKU015,2025-03-16,38,42.0
SKU015,2025-03-23,22,41.0
SKU015,2025-03-30,30,34.0
SKU015,2025-04-06,40,29.0
SKU015,2025-04-13,38,37.0
SKU015,2025-04-20,36,26.0
SKU015,2025-04-27,33,35.0
SKU015,2025-05-04,31,30.0
SKU015,2025-05-11,40,26.0
SKU015,2025-05-18,33,31.0
SKU015,2025-05-25,27,36.0
SKU015,2025-06-01,36,32.0
SKU015,2025-06-08,30,41.0
SKU015,2025-06-15,23,36.0
SKU015,2025-06-22,32,29.0
SKU015,2025-06-29,25,29.0
SKU015,2025-07-06,22,27.0
SKU015,2025-07-13,23,30.0
SKU015,2025-07-20,29,31.0
SKU015,2025-07-27,27,26.0
SKU015,2025-08-03,25,24.0
SKU015,2025-08-10,23,22.0
SKU015,2025-08-17,27,24.0
SKU015,2025-08-24,26,25.0
SKU015,2025-08-31,28,28.0
SKU015,2025-09-07,28,25.0
SKU015,2025-09-14,24,26.0
SKU015,2025-09-21,23,21.0
SKU015,2025-09-28,28,20.0
SKU015,2025-10-05,19,34.0
SKU015,2025-10-12,16,29.0
SKU015,2025-10-19,21,22.0
SKU015,2025-10-26,21,24.0
SKU015,2025-11-02,17,25.0
SKU015,2025-11-09,13,25.0
SKU015,2025-11-16,24,19.0
SKU015,2025-11-23,24,34.0
SKU015,2025-11-30,31,22.0
SKU015,2025-12-07,22,29.0
SKU015,2025-12-14,31,21.0
SKU015,2025-12-21,21,26.0
SKU015,2025-12-28,27,32.0
SKU016,2025-01-05,92,81.0
SKU016,2025-01-12,97,104.0
SKU016,2025-01-19,76,88.0
SKU016,2025-01-26,100,103.0
SKU016,2025-02-02,95,96.0
SKU016,2025-02-09,112,96.0
SKU016,2025-02-16,93,101.0
SKU016,2025-02-23,97,97.0
SKU016,2025-03-02,135,115.0
SKU016,2025-03-09,103,110.0
SKU016,2025-03-16,115,133.0
SKU016,2025-03-23,113,122.0
SKU016,2025-03-30,146,98.0
SKU016,2025-04-06,116,109.0
SKU016,2025-04-13,124,98.0
SKU016,2025-04-20,98,125.0
SKU016,2025-04-27,102,116.0
SKU016,2025-05-04,111,93.0
SKU016,2025-05-11,114,95.0
SKU016,2025-05-18,126,129.0
SKU016,2025-05-25,107,122.0
SKU016,2025-06-01,116,108.0
SKU016,2025-06-08,111,110.0
SKU016,2025-06-15,112,107.0
SKU016,2025-06-22,112,106.0
SKU016,2025-06-29,116,108.0
SKU016,2025-07-06,101,93.0
SKU016,2025-07-13,103,99.0
SKU016,2025-07-20,104,78.0
SKU016,2025-07-27,97,92.0
SKU016,2025-08-03,85,90.0
SKU016,2025-08-10,93,82.0
SKU016,2025-08-17,85,96.0
SKU016,2025-08-24,90,78.0
SKU016,2025-08-31,85,98.0
SKU016,2025-09-07,66,94.0
SKU016,2025-09-14,78,77.0
SKU016,2025-09-21,76,90.0
SKU016,2025-09-28,78,89.0
SKU016,2025-10-05,72,71.0
SKU016,2025-10-12,84,85.0
SKU016,2025-10-19,86,84.0
SKU016,2025-10-26,73,82.0
SKU016,2025-11-02,109,98.0
SKU016,2025-11-09,92,84.0
SKU016,2025-11-16,95,104.0
SKU016,2025-11-23,75,94.0
SKU016,2025-11-30,71,97.0
SKU016,2025-12-07,77,83.0
SKU016,2025-12-14,78,71.0
SKU016,2025-12-21,74,82.0
SKU016,2025-12-28,104,75.0
SKU017,2025-01-05,85,84.0
SKU017,2025-01-12,97,84.0
SKU017,2025-01-19,106,88.0
SKU017,2025-01-26,89,94.0
SKU017,2025-02-02,89,89.0
SKU017,2025-02-09,112,96.0
SKU017,2025-02-16,97,99.0
SKU017,2025-02-23,107,80.0
SKU017,2025-03-02,127,121.0
SKU017,2025-03-09,104,130.0
SKU017,2025-03-16,129,115.0
SKU017,2025-03-23,124,109.0
SKU017,2025-03-30,135,114.0
SKU017,2025-04-06,114,125.0
SKU017,2025-04-13,115,130.0
SKU017,2025-04-20,115,108.0
SKU017,2025-04-27,138,126.0
SKU017,2025-05-04,95,129.0
SKU017,2025-05-11,102,109.0
SKU017,2025-05-18,109,109.0
SKU017,2025-05-25,114,122.0
SKU017,2025-06-01,109,118.0
SKU017,2025-06-08,111,121.0
SKU017,2025-06-15,113,110.0
SKU017,2025-06-22,114,102.0
SKU017,2025-06-29,133,125.0
SKU017,2025-07-06,105,112.0
SKU017,2025-07-13,97,109.0
SKU017,2025-07-20,98,106.0
SKU017,2025-07-27,83,104.0
SKU017,2025-08-03,82,98.0
SKU017,2025-08-10,76,100.0
SKU017,2025-08-17,85,94.0
SKU017,2025-08-24,85,95.0
SKU017,2025-08-31,78,85.0
SKU017,2025-09-07,71,98.0
SKU017,2025-09-14,77,88.0
SKU017,2025-09-21,83,88.0
SKU017,2025-09-28,90,101.0
SKU017,2025-10-05,75,60.0
SKU017,2025-10-12,76,67.0
SKU017,2025-10-19,84,100.0
SKU017,2025-10-26,61,82.0
SKU017,2025-11-02,83,90.0
SKU017,2025-11-09,103,95.0
SKU017,2025-11-16,88,86.0
SKU017,2025-11-23,87,97.0
SKU017,2025-11-30,90,82.0
SKU017,2025-12-07,105,81.0
SKU017,2025-12-14,96,88.0
SKU017,2025-12-21,81,80.0
SKU017,2025-12-28,98,94.0
SKU018,2025-01-05,181,176.0
SKU018,2025-01-12,172,175.0
SKU018,2025-01-19,164,153.0
SKU018,2025-01-26,163,188.0
SKU018,2025-02-02,178,162.0
SKU018,2025-02-09,175,171.0
SKU018,2025-02-16,186,178.0
SKU018,2025-02-23,194,205.0
SKU018,2025-03-02,211,195.0
SKU018,2025-03-09,206,206.0
SKU018,2025-03-16,214,223.0
SKU018,2025-03-23,219,227.0
SKU018,2025-03-30,196,221.0
SKU018,2025-04-06,207,197.0
SKU018,2025-04-13,197,190.0
SKU018,2025-04-20,212,209.0
SKU018,2025-04-27,210,209.0
SKU018,2025-05-04,220,204.0
SKU018,2025-05-11,220,220.0
SKU018,2025-05-18,207,203.0
SKU018,2025-05-25,201,185.0
SKU018,2025-06-01,192,199.0
SKU018,2025-06-08,203,194.0
SKU018,2025-06-15,201,191.0
SKU018,2025-06-22,212,198.0
SKU018,2025-06-29,194,197.0
SKU018,2025-07-06,164,163.0
SKU018,2025-07-13,156,181.0
SKU018,2025-07-20,167,169.0
SKU018,2025-07-27,159,158.0
SKU018,2025-08-03,179,172.0
SKU018,2025-08-10,139,164.0
SKU018,2025-08-17,146,167.0
SKU018,2025-08-24,151,169.0
SKU018,2025-08-31,161,171.0
SKU018,2025-09-07,150,158.0
SKU018,2025-09-14,155,158.0
SKU018,2025-09-21,148,163.0
SKU018,2025-09-28,146,169.0
SKU018,2025-10-05,138,134.0
SKU018,2025-10-12,154,153.0
SKU018,2025-10-19,141,140.0
SKU018,2025-10-26,135,159.0
SKU018,2025-11-02,166,170.0
SKU018,2025-11-09,157,162.0
SKU018,2025-11-16,142,150.0
SKU018,2025-11-23,150,153.0
SKU018,2025-11-30,152,143.0
SKU018,2025-12-07,158,182.0
SKU018,2025-12-14,162,150.0
SKU018,2025-12-21,160,172.0
SKU018,2025-12-28,161,154.0
SKU019,2025-01-05,100,101.0
SKU019,2025-01-12,114,115.0
SKU019,2025-01-19,113,103.0
SKU019,2025-01-26,115,107.0
SKU019,2025-02-02,109,136.0
SKU019,2025-02-09,95,119.0
SKU019,2025-02-16,111,117.0
SKU019,2025-02-23,132,117.0
SKU019,2025-03-02,140,132.0
SKU019,2025-03-09,143,132.0
SKU019,2025-03-16,135,137.0
SKU019,2025-03-23,127,136.0
SKU019,2025-03-30,130,135.0
SKU019,2025-04-06,132,151.0
SKU019,2025-04-13,144,135.0
SKU019,2025-04-20,135,132.0
SKU019,2025-04-27,117,139.0
SKU019,2025-05-04,127,134.0
SKU019,2025-05-11,122,141.0
SKU019,2025-05-18,112,151.0
SKU019,2025-05-25,131,131.0
SKU019,2025-06-01,130,147.0
SKU019,2025-06-08,148,122.0
SKU019,2025-06-15,115,137.0
SKU019,2025-06-22,136,110.0
SKU019,2025-06-29,129,117.0
SKU019,2025-07-06,94,113.0
SKU019,2025-07-13,100,115.0
SKU019,2025-07-20,111,101.0
SKU019,2025-07-27,90,108.0
SKU019,2025-08-03,116,115.0
SKU019,2025-08-10,104,89.0
SKU019,2025-08-17,106,93.0
SKU019,2025-08-24,109,104.0
SKU019,2025-08-31,93,102.0
SKU019,2025-09-07,103,104.0
SKU019,2025-09-14,76,108.0
SKU019,2025-09-21,100,80.0
SKU019,2025-09-28,105,97.0
SKU019,2025-10-05,83,81.0
SKU019,2025-10-12,92,93.0
SKU019,2025-10-19,96,85.0
SKU019,2025-10-26,84,86.0
SKU019,2025-11-02,91,98.0
SKU019,2025-11-09,103,95.0
SKU019,2025-11-16,112,112.0
SKU019,2025-11-23,110,113.0
SKU019,2025-11-30,88,110.0
SKU019,2025-12-07,103,120.0
SKU019,2025-12-14,96,97.0
SKU019,2025-12-21,107,106.0
SKU019,2025-12-28,104,86.0
SKU020,2025-01-05,93,92.0
SKU020,2025-01-12,83,102.0
SKU020,2025-01-19,95,100.0
SKU020,2025-01-26,100,92.0
SKU020,2025-02-02,79,94.0
SKU020,2025-02-09,93,118.0
SKU020,2025-02-16,105,114.0
SKU020,2025-02-23,97,108.0
SKU020,2025-03-02,95,117.0
SKU020,2025-03-09,119,120.0
SKU020,2025-03-16,105,123.0
SKU020,2025-03-23,101,119.0
SKU020,2025-03-30,111,104.0
SKU020,2025-04-06,132,97.0
SKU020,2025-04-13,107,105.0
SKU020,2025-04-20,117,122.0
SKU020,2025-04-27,111,97.0
SKU020,2025-05-04,107,90.0
SKU020,2025-05-11,115,100.0
SKU020,2025-05-18,110,110.0
SKU020,2025-05-25,105,120.0
SKU020,2025-06-01,112,117.0
SKU020,2025-06-08,111,104.0
SKU020,2025-06-15,89,127.0
SKU020,2025-06-22,116,122.0
SKU020,2025-06-29,104,113.0
SKU020,2025-07-06,104,94.0
SKU020,2025-07-13,89,96.0
SKU020,2025-07-20,97,112.0
SKU020,2025-07-27,96,97.0
SKU020,2025-08-03,69,102.0
SKU020,2025-08-10,94,88.0
SKU020,2025-08-17,87,96.0
SKU020,2025-08-24,99,95.0
SKU020,2025-08-31,74,102.0
SKU020,2025-09-07,97,84.0
SKU020,2025-09-14,91,69.0
SKU020,2025-09-21,79,83.0
SKU020,2025-09-28,86,80.0
SKU020,2025-10-05,75,77.0
SKU020,2025-10-12,107,83.0
SKU020,2025-10-19,74,92.0
SKU020,2025-10-26,88,83.0
SKU020,2025-11-02,101,71.0
SKU020,2025-11-09,78,81.0
SKU020,2025-11-16,92,87.0
SKU020,2025-11-23,81,69.0
SKU020,2025-11-30,97,84.0
SKU020,2025-12-07,85,88.0
SKU020,2025-12-14,82,80.0
SKU020,2025-12-21,74,81.0
SKU020,2025-12-28,99,87.0
SKU021,2025-01-05,48,50.0
SKU021,2025-01-12,63,65.0
SKU021,2025-01-19,60,51.0
SKU021,2025-01-26,57,50.0
SKU021,2025-02-02,73,71.0
SKU021,2025-02-09,63,54.0
SKU021,2025-02-16,73,67.0
SKU021,2025-02-23,63,71.0
SKU021,2025-03-02,78,68.0
SKU021,2025-03-09,59,79.0
SKU021,2025-03-16,64,77.0
SKU021,2025-03-23,75,59.0
SKU021,2025-03-30,76,65.0
SKU021,2025-04-06,68,54.0
SKU021,2025-04-13,50,62.0
SKU021,2025-04-20,66,80.0
SKU021,2025-04-27,61,74.0
SKU021,2025-05-04,66,79.0
SKU021,2025-05-11,79,67.0
SKU021,2025-05-18,72,70.0
SKU021,2025-05-25,70,61.0
SKU021,2025-06-01,71,73.0
SKU021,2025-06-08,77,59.0
SKU021,2025-06-15,79,76.0
SKU021,2025-06-22,67,56.0
SKU021,2025-06-29,69,56.0
SKU021,2025-07-06,57,60.0
SKU021,2025-07-13,68,53.0
SKU021,2025-07-20,58,63.0
SKU021,2025-07-27,62,55.0
SKU021,2025-08-03,54,55.0
SKU021,2025-08-10,60,52.0
SKU021,2025-08-17,54,68.0
SKU021,2025-08-24,60,59.0
SKU021,2025-08-31,43,53.0
SKU021,2025-09-07,47,52.0
SKU021,2025-09-14,55,55.0
SKU021,2025-09-21,55,48.0
SKU021,2025-09-28,53,61.0
SKU021,2025-10-05,35,50.0
SKU021,2025-10-12,48,39.0
SKU021,2025-10-19,65,43.0
SKU021,2025-10-26,44,55.0
SKU021,2025-11-02,58,58.0
SKU021,2025-11-09,46,58.0
SKU021,2025-11-16,45,63.0
SKU021,2025-11-23,43,54.0
SKU021,2025-11-30,47,37.0
SKU021,2025-12-07,52,55.0
SKU021,2025-12-14,59,63.0
SKU021,2025-12-21,47,50.0
SKU021,2025-12-28,50,54.0
SKU022,2025-01-05,77,64.0
SKU022,2025-01-12,77,72.0
SKU022,2025-01-19,69,74.0
SKU022,2025-01-26,79,74.0
SKU022,2025-02-02,75,57.0
SKU022,2025-02-09,75,87.0
SKU022,2025-02-16,86,80.0
SKU022,2025-02-23,88,69.0
SKU022,2025-03-02,76,96.0
SKU022,2025-03-09,78,73.0
SKU022,2025-03-16,82,97.0
SKU022,2025-03-23,84,75.0
SKU022,2025-03-30,87,93.0
SKU022,2025-04-06,61,82.0
SKU022,2025-04-13,67,100.0
SKU022,2025-04-20,77,73.0
SKU022,2025-04-27,81,96.0
SKU022,2025-05-04,85,87.0
SKU022,2025-05-11,69,83.0
SKU022,2025-05-18,80,84.0
SKU022,2025-05-25,93,82.0
SKU022,2025-06-01,90,78.0
SKU022,2025-06-08,89,63.0
SKU022,2025-06-15,90,91.0
SKU022,2025-06-22,86,94.0
SKU022,2025-06-29,83,76.0
SKU022,2025-07-06,70,58.0
SKU022,2025-07-13,58,74.0
SKU022,2025-07-20,82,68.0
SKU022,2025-07-27,64,70.0
SKU022,2025-08-03,70,59.0
SKU022,2025-08-10,64,64.0
SKU022,2025-08-17,64,56.0
SKU022,2025-08-24,69,68.0
SKU022,2025-08-31,49,66.0
SKU022,2025-09-07,55,64.0
SKU022,2025-09-14,67,59.0
SKU022,2025-09-21,60,66.0
SKU022,2025-09-28,61,72.0
SKU022,2025-10-05,50,53.0
SKU022,2025-10-12,54,55.0
SKU022,2025-10-19,58,52.0
SKU022,2025-10-26,51,47.0
SKU022,2025-11-02,62,56.0
SKU022,2025-11-09,44,54.0
SKU022,2025-11-16,78,69.0
SKU022,2025-11-23,53,64.0
SKU022,2025-11-30,69,61.0
SKU022,2025-12-07,70,62.0
SKU022,2025-12-14,60,70.0
SKU022,2025-12-21,62,46.0
SKU022,2025-12-28,84,59.0
SKU023,2025-01-05,117,100.0
SKU023,2025-01-12,114,83.0
SKU023,2025-01-19,92,97.0
SKU023,2025-01-26,83,100.0
SKU023,2025-02-02,106,126.0
SKU023,2025-02-09,98,126.0
SKU023,2025-02-16,113,109.0
SKU023,2025-02-23,115,99.0
SKU023,2025-03-02,119,114.0
SKU023,2025-03-09,125,136.0
SKU023,2025-03-16,131,137.0
SKU023,2025-03-23,127,99.0
SKU023,2025-03-30,141,117.0
SKU023,2025-04-06,121,122.0
SKU023,2025-04-13,127,132.0
SKU023,2025-04-20,120,118.0
SKU023,2025-04-27,128,102.0
SKU023,2025-05-04,107,102.0
SKU023,2025-05-11,133,120.0
SKU023,2025-05-18,111,129.0
SKU023,2025-05-25,118,101.0
SKU023,2025-06-01,112,123.0
SKU023,2025-06-08,122,116.0
SKU023,2025-06-15,117,114.0
SKU023,2025-06-22,133,124.0
SKU023,2025-06-29,130,118.0
SKU023,2025-07-06,105,109.0
SKU023,2025-07-13,100,88.0
SKU023,2025-07-20,91,102.0
SKU023,2025-07-27,107,109.0
SKU023,2025-08-03,102,105.0
SKU023,2025-08-10,107,105.0
SKU023,2025-08-17,102,82.0
SKU023,2025-08-24,95,99.0
SKU023,2025-08-31,82,85.0
SKU023,2025-09-07,76,88.0
SKU023,2025-09-14,53,87.0
SKU023,2025-09-21,111,85.0
SKU023,2025-09-28,90,89.0
SKU023,2025-10-05,89,76.0
SKU023,2025-10-12,80,67.0
SKU023,2025-10-19,74,74.0
SKU023,2025-10-26,91,84.0
SKU023,2025-11-02,84,86.0
SKU023,2025-11-09,91,85.0
SKU023,2025-11-16,88,94.0
SKU023,2025-11-23,88,98.0
SKU023,2025-11-30,90,111.0
SKU023,2025-12-07,97,104.0
SKU023,2025-12-14,98,80.0
SKU023,2025-12-21,96,90.0
SKU023,2025-12-28,99,99.0
SKU024,2025-01-05,101,93.0
SKU024,2025-01-12,77,81.0
SKU024,2025-01-19,73,95.0
SKU024,2025-01-26,80,87.0
SKU024,2025-02-02,88,100.0
SKU024,2025-02-09,84,106.0
SKU024,2025-02-16,95,84.0
SKU024,2025-02-23,91,90.0
SKU024,2025-03-02,116,114.0
SKU024,2025-03-09,104,115.0
SKU024,2025-03-16,117,118.0
SKU024,2025-03-23,141,111.0
SKU024,2025-03-30,119,117.0
SKU024,2025-04-06,116,95.0
SKU024,2025-04-13,90,103.0
SKU024,2025-04-20,110,113.0
SKU024,2025-04-27,105,106.0
SKU024,2025-05-04,108,103.0
SKU024,2025-05-11,121,108.0
SKU024,2025-05-18,88,109.0
SKU024,2025-05-25,91,104.0
SKU024,2025-06-01,97,118.0
SKU024,2025-06-08,94,97.0
SKU024,2025-06-15,105,95.0
SKU024,2025-06-22,101,114.0
SKU024,2025-06-29,107,105.0
SKU024,2025-07-06,94,100.0
SKU024,2025-07-13,79,83.0
SKU024,2025-07-20,70,92.0
SKU024,2025-07-27,73,92.0
SKU024,2025-08-03,104,88.0
SKU024,2025-08-10,84,83.0
SKU024,2025-08-17,83,86.0
SKU024,2025-08-24,69,100.0
SKU024,2025-08-31,93,88.0
SKU024,2025-09-07,104,84.0
SKU024,2025-09-14,79,83.0
SKU024,2025-09-21,84,72.0
SKU024,2025-09-28,80,85.0
SKU024,2025-10-05,69,83.0
SKU024,2025-10-12,65,66.0
SKU024,2025-10-19,75,72.0
SKU024,2025-10-26,82,62.0
SKU024,2025-11-02,83,86.0
SKU024,2025-11-09,82,78.0
SKU024,2025-11-16,82,72.0
SKU024,2025-11-23,80,74.0
SKU024,2025-11-30,76,65.0
SKU024,2025-12-07,93,76.0
SKU024,2025-12-14,72,101.0
SKU024,2025-12-21,85,75.0
SKU024,2025-12-28,71,71.0
SKU025,2025-01-05,15,14.0
SKU025,2025-01-12,21,21.0
SKU025,2025-01-19,12,16.0
SKU025,2025-01-26,21,24.0
SKU025,2025-02-02,17,18.0
SKU025,2025-02-09,28,19.0
SKU025,2025-02-16,16,18.0
SKU025,2025-02-23,17,23.0
SKU025,2025-03-02,27,25.0
SKU025,2025-03-09,20,22.0
SKU025,2025-03-16,16,21.0
SKU025,2025-03-23,28,27.0
SKU025,2025-03-30,27,31.0
SKU025,2025-04-06,10,24.0
SKU025,2025-04-13,26,19.0
SKU025,2025-04-20,14,17.0
SKU025,2025-04-27,16,28.0
SKU025,2025-05-04,13,19.0
SKU025,2025-05-11,16,20.0
SKU025,2025-05-18,21,21.0
SKU025,2025-05-25,19,15.0
SKU025,2025-06-01,30,16.0
SKU025,2025-06-08,19,21.0
SKU025,2025-06-15,23,16.0
SKU025,2025-06-22,16,18.0
SKU025,2025-06-29,25,25.0
SKU025,2025-07-06,18,24.0
SKU025,2025-07-13,15,23.0
SKU025,2025-07-20,24,16.0
SKU025,2025-07-27,23,14.0
SKU025,2025-08-03,20,18.0
SKU025,2025-08-10,17,17.0
SKU025,2025-08-17,13,17.0
SKU025,2025-08-24,18,19.0
SKU025,2025-08-31,22,26.0
SKU025,2025-09-07,17,16.0
SKU025,2025-09-14,16,17.0
SKU025,2025-09-21,16,15.0
SKU025,2025-09-28,21,12.0
SKU025,2025-10-05,12,14.0
SKU025,2025-10-12,13,20.0
SKU025,2025-10-19,17,26.0
SKU025,2025-10-26,17,16.0
SKU025,2025-11-02,20,21.0
SKU025,2025-11-09,18,18.0
SKU025,2025-11-16,18,17.0
SKU025,2025-11-23,12,26.0
SKU025,2025-11-30,9,5.0
SKU025,2025-12-07,18,22.0
SKU025,2025-12-14,13,24.0
SKU025,2025-12-21,14,22.0
SKU025,2025-12-28,16,16.0
SKU026,2025-01-05,147,166.0
SKU026,2025-01-12,165,156.0
SKU026,2025-01-19,136,152.0
SKU026,2025-01-26,165,150.0
SKU026,2025-02-02,161,158.0
SKU026,2025-02-09,170,195.0
SKU026,2025-02-16,166,169.0
SKU026,2025-02-23,177,171.0
SKU026,2025-03-02,169,161.0
SKU026,2025-03-09,173,189.0
SKU026,2025-03-16,197,222.0
SKU026,2025-03-23,207,202.0
SKU026,2025-03-30,202,179.0
SKU026,2025-04-06,174,159.0
SKU026,2025-04-13,195,196.0
SKU026,2025-04-20,160,181.0
SKU026,2025-04-27,189,186.0
SKU026,2025-05-04,179,174.0
SKU026,2025-05-11,177,190.0
SKU026,2025-05-18,184,162.0
SKU026,2025-05-25,177,180.0
SKU026,2025-06-01,206,201.0
SKU026,2025-06-08,199,183.0
SKU026,2025-06-15,201,175.0
SKU026,2025-06-22,171,211.0
SKU026,2025-06-29,161,182.0
SKU026,2025-07-06,150,163.0
SKU026,2025-07-13,153,138.0
SKU026,2025-07-20,155,157.0
SKU026,2025-07-27,173,137.0
SKU026,2025-08-03,156,144.0
SKU026,2025-08-10,150,138.0
SKU026,2025-08-17,128,138.0
SKU026,2025-08-24,123,144.0
SKU026,2025-08-31,129,129.0
SKU026,2025-09-07,153,146.0
SKU026,2025-09-14,124,143.0
SKU026,2025-09-21,138,120.0
SKU026,2025-09-28,132,129.0
SKU026,2025-10-05,114,131.0
SKU026,2025-10-12,135,145.0
SKU026,2025-10-19,138,141.0
SKU026,2025-10-26,124,137.0
SKU026,2025-11-02,141,130.0
SKU026,2025-11-09,127,127.0
SKU026,2025-11-16,130,156.0
SKU026,2025-11-23,128,124.0
SKU026,2025-11-30,126,116.0
SKU026,2025-12-07,157,162.0
SKU026,2025-12-14,128,148.0
SKU026,2025-12-21,156,131.0
SKU026,2025-12-28,135,145.0
SKU027,2025-01-05,185,162.0
SKU027,2025-01-12,167,170.0
SKU027,2025-01-19,190,170.0
SKU027,2025-01-26,179,145.0
SKU027,2025-02-02,160,182.0
SKU027,2025-02-09,197,188.0
SKU027,2025-02-16,187,177.0
SKU027,2025-02-23,156,158.0
SKU027,2025-03-02,204,188.0
SKU027,2025-03-09,206,212.0
SKU027,2025-03-16,219,214.0
SKU027,2025-03-23,216,195.0
SKU027,2025-03-30,206,195.0
SKU027,2025-04-06,188,200.0
SKU027,2025-04-13,195,181.0
SKU027,2025-04-20,228,185.0
SKU027,2025-04-27,180,205.0
SKU027,2025-05-04,188,188.0
SKU027,2025-05-11,180,194.0
SKU027,2025-05-18,209,196.0
SKU027,2025-05-25,204,193.0
SKU027,2025-06-01,195,210.0
SKU027,2025-06-08,181,179.0
SKU027,2025-06-15,165,219.0
SKU027,2025-06-22,193,200.0
SKU027,2025-06-29,183,178.0
SKU027,2025-07-06,165,149.0
SKU027,2025-07-13,185,168.0
SKU027,2025-07-20,163,167.0
SKU027,2025-07-27,155,154.0
SKU027,2025-08-03,156,151.0
SKU027,2025-08-10,120,149.0
SKU027,2025-08-17,146,158.0
SKU027,2025-08-24,145,165.0
SKU027,2025-08-31,138,154.0
SKU027,2025-09-07,167,127.0
SKU027,2025-09-14,143,134.0
SKU027,2025-09-21,158,143.0
SKU027,2025-09-28,150,156.0
SKU027,2025-10-05,151,126.0
SKU027,2025-10-12,149,126.0
SKU027,2025-10-19,127,121.0
SKU027,2025-10-26,130,151.0
SKU027,2025-11-02,136,138.0
SKU027,2025-11-09,147,143.0
SKU027,2025-11-16,149,153.0
SKU027,2025-11-23,163,163.0
SKU027,2025-11-30,162,152.0
SKU027,2025-12-07,153,153.0
SKU027,2025-12-14,161,154.0
SKU027,2025-12-21,182,133.0
SKU027,2025-12-28,144,172.0
SKU028,2025-01-05,47,32.0
SKU028,2025-01-12,41,35.0
SKU028,2025-01-19,43,39.0
SKU028,2025-01-26,42,34.0
SKU028,2025-02-02,38,40.0
SKU028,2025-02-09,44,37.0
SKU028,2025-02-16,37,43.0
SKU028,2025-02-23,32,34.0
SKU028,2025-03-02,41,44.0
SKU028,2025-03-09,52,54.0
SKU028,2025-03-16,43,43.0
SKU028,2025-03-23,50,47.0
SKU028,2025-03-30,54,56.0
SKU028,2025-04-06,36,47.0
SKU028,2025-04-13,42,50.0
SKU028,2025-04-20,44,56.0
SKU028,2025-04-27,49,44.0
SKU028,2025-05-04,44,40.0
SKU028,2025-05-11,49,45.0
SKU028,2025-05-18,48,53.0
SKU028,2025-05-25,52,40.0
SKU028,2025-06-01,40,52.0
SKU028,2025-06-08,49,32.0
SKU028,2025-06-15,41,48.0
SKU028,2025-06-22,41,52.0
SKU028,2025-06-29,43,52.0
SKU028,2025-07-06,32,42.0
SKU028,2025-07-13,46,37.0
SKU028,2025-07-20,42,39.0
SKU028,2025-07-27,36,46.0
SKU028,2025-08-03,35,30.0
SKU028,2025-08-10,40,28.0
SKU028,2025-08-17,31,31.0
SKU028,2025-08-24,27,37.0
SKU028,2025-08-31,45,31.0
SKU028,2025-09-07,35,41.0
SKU028,2025-09-14,36,26.0
SKU028,2025-09-21,34,44.0
SKU028,2025-09-28,30,25.0
SKU028,2025-10-05,18,36.0
SKU028,2025-10-12,31,29.0
SKU028,2025-10-19,32,34.0
SKU028,2025-10-26,30,26.0
SKU028,2025-11-02,31,40.0
SKU028,2025-11-09,30,32.0
SKU028,2025-11-16,40,33.0
SKU028,2025-11-23,39,30.0
SKU028,2025-11-30,34,41.0
SKU028,2025-12-07,40,36.0
SKU028,2025-12-14,25,48.0
SKU028,2025-12-21,22,45.0
SKU028,2025-12-28,31,37.0
SKU029,2025-01-05,114,114.0
SKU029,2025-01-12,110,120.0
SKU029,2025-01-19,124,93.0
SKU029,2025-01-26,91,94.0
SKU029,2025-02-02,111,109.0
SKU029,2025-02-09,105,102.0
SKU029,2025-02-16,127,114.0
SKU029,2025-02-23,118,112.0
SKU029,2025-03-02,116,115.0
SKU029,2025-03-09,127,131.0
SKU029,2025-03-16,106,133.0
SKU029,2025-03-23,147,142.0
SKU029,2025-03-30,132,125.0
SKU029,2025-04-06,136,117.0
SKU029,2025-04-13,120,139.0
SKU029,2025-04-20,131,126.0
SKU029,2025-04-27,120,125.0
SKU029,2025-05-04,116,117.0
SKU029,2025-05-11,127,116.0
SKU029,2025-05-18,142,117.0
SKU029,2025-05-25,130,134.0
SKU029,2025-06-01,133,132.0
SKU029,2025-06-08,117,129.0
SKU029,2025-06-15,121,142.0
SKU029,2025-06-22,122,128.0
SKU029,2025-06-29,114,127.0
SKU029,2025-07-06,102,118.0
SKU029,2025-07-13,107,101.0
SKU029,2025-07-20,112,86.0
SKU029,2025-07-27,120,134.0
SKU029,2025-08-03,97,100.0
SKU029,2025-08-10,93,98.0
SKU029,2025-08-17,113,107.0
SKU029,2025-08-24,114,106.0
SKU029,2025-08-31,103,99.0
SKU029,2025-09-07,90,109.0
SKU029,2025-09-14,89,104.0
SKU029,2025-09-21,105,93.0
SKU029,2025-09-28,86,93.0
SKU029,2025-10-05,78,98.0
SKU029,2025-10-12,92,96.0
SKU029,2025-10-19,85,90.0
SKU029,2025-10-26,98,96.0
SKU029,2025-11-02,104,75.0
SKU029,2025-11-09,88,95.0
SKU029,2025-11-16,98,110.0
SKU029,2025-11-23,97,114.0
SKU029,2025-11-30,96,83.0
SKU029,2025-12-07,87,110.0
SKU029,2025-12-14,115,95.0
SKU029,2025-12-21,104,109.0
SKU029,2025-12-28,97,96.0
SKU030,2025-01-05,21,39.0
SKU030,2025-01-12,31,41.0
SKU030,2025-01-19,34,23.0
SKU030,2025-01-26,36,28.0
SKU030,2025-02-02,26,29.0
SKU030,2025-02-09,41,30.0
SKU030,2025-02-16,31,36.0
SKU030,2025-02-23,39,42.0
SKU030,2025-03-02,47,43.0
SKU030,2025-03-09,39,22.0
SKU030,2025-03-16,32,38.0
SKU030,2025-03-23,44,43.0
SKU030,2025-03-30,40,36.0
SKU030,2025-04-06,30,45.0
SKU030,2025-04-13,35,40.0
SKU030,2025-04-20,31,38.0
SKU030,2025-04-27,40,36.0
SKU030,2025-05-04,44,35.0
SKU030,2025-05-11,30,41.0
SKU030,2025-05-18,37,42.0
SKU030,2025-05-25,38,47.0
SKU030,2025-06-01,39,40.0
SKU030,2025-06-08,38,29.0
SKU030,2025-06-15,51,47.0
SKU030,2025-06-22,31,28.0
SKU030,2025-06-29,47,30.0
SKU030,2025-07-06,27,36.0
SKU030,2025-07-13,29,27.0
SKU030,2025-07-20,36,27.0
SKU030,2025-07-27,29,32.0
SKU030,2025-08-03,33,38.0
SKU030,2025-08-10,30,45.0
SKU030,2025-08-17,28,25.0
SKU030,2025-08-24,36,30.0
SKU030,2025-08-31,32,39.0
SKU030,2025-09-07,26,26.0
SKU030,2025-09-14,34,30.0
SKU030,2025-09-21,32,32.0
SKU030,2025-09-28,41,37.0
SKU030,2025-10-05,27,22.0
SKU030,2025-10-12,25,18.0
SKU030,2025-10-19,32,31.0
SKU030,2025-10-26,27,26.0
SKU030,2025-11-02,28,27.0
SKU030,2025-11-09,25,28.0
SKU030,2025-11-16,34,30.0
SKU030,2025-11-23,33,30.0
SKU030,2025-11-30,26,32.0
SKU030,2025-12-07,25,30.0
SKU030,2025-12-14,35,38.0
SKU030,2025-12-21,26,32.0
SKU030,2025-12-28,28,27.0
SKU031,2025-01-05,138,143.0
SKU031,2025-01-12,145,107.0
SKU031,2025-01-19,132,132.0
SKU031,2025-01-26,140,144.0
SKU031,2025-02-02,131,138.0
SKU031,2025-02-09,152,137.0
SKU031,2025-02-16,163,137.0
SKU031,2025-02-23,130,150.0
SKU031,2025-03-02,137,136.0
SKU031,2025-03-09,170,163.0
SKU031,2025-03-16,133,167.0
SKU031,2025-03-23,145,166.0
SKU031,2025-03-30,173,150.0
SKU031,2025-04-06,131,158.0
SKU031,2025-04-13,160,130.0
SKU031,2025-04-20,132,165.0
SKU031,2025-04-27,130,121.0
SKU031,2025-05-04,153,159.0
SKU031,2025-05-11,156,152.0
SKU031,2025-05-18,145,143.0
SKU031,2025-05-25,158,150.0
SKU031,2025-06-01,153,160.0
SKU031,2025-06-08,156,151.0
SKU031,2025-06-15,162,150.0
SKU031,2025-06-22,144,152.0
SKU031,2025-06-29,136,164.0
SKU031,2025-07-06,124,133.0
SKU031,2025-07-13,111,120.0
SKU031,2025-07-20,131,126.0
SKU031,2025-07-27,127,122.0
SKU031,2025-08-03,121,98.0
SKU031,2025-08-10,129,145.0
SKU031,2025-08-17,136,120.0
SKU031,2025-08-24,111,104.0
SKU031,2025-08-31,123,124.0
SKU031,2025-09-07,118,110.0
SKU031,2025-09-14,125,135.0
SKU031,2025-09-21,118,123.0
SKU031,2025-09-28,112,116.0
SKU031,2025-10-05,107,105.0
SKU031,2025-10-12,109,109.0
SKU031,2025-10-19,120,109.0
SKU031,2025-10-26,114,112.0
SKU031,2025-11-02,110,129.0
SKU031,2025-11-09,109,113.0
SKU031,2025-11-16,131,105.0
SKU031,2025-11-23,113,113.0
SKU031,2025-11-30,104,103.0
SKU031,2025-12-07,96,114.0
SKU031,2025-12-14,104,107.0
SKU031,2025-12-21,132,106.0
SKU031,2025-12-28,97,108.0
SKU032,2025-01-05,57,53.0
SKU032,2025-01-12,54,66.0
SKU032,2025-01-19,67,72.0
SKU032,2025-01-26,64,70.0
SKU032,2025-02-02,63,64.0
SKU032,2025-02-09,74,89.0
SKU032,2025-02-16,63,69.0
SKU032,2025-02-23,80,77.0
SKU032,2025-03-02,73,93.0
SKU032,2025-03-09,58,68.0
SKU032,2025-03-16,98,78.0
SKU032,2025-03-23,83,85.0
SKU032,2025-03-30,74,71.0
SKU032,2025-04-06,68,75.0
SKU032,2025-04-13,78,74.0
SKU032,2025-04-20,92,68.0
SKU032,2025-04-27,71,78.0
SKU032,2025-05-04,89,73.0
SKU032,2025-05-11,94,57.0
SKU032,2025-05-18,73,101.0
SKU032,2025-05-25,69,72.0
SKU032,2025-06-01,79,84.0
SKU032,2025-06-08,77,83.0
SKU032,2025-06-15,78,65.0
SKU032,2025-06-22,74,74.0
SKU032,2025-06-29,55,71.0
SKU032,2025-07-06,70,66.0
SKU032,2025-07-13,63,69.0
SKU032,2025-07-20,54,75.0
SKU032,2025-07-27,52,53.0
SKU032,2025-08-03,80,46.0
SKU032,2025-08-10,51,61.0
SKU032,2025-08-17,65,54.0
SKU032,2025-08-24,51,42.0
SKU032,2025-08-31,55,50.0
SKU032,2025-09-07,48,58.0
SKU032,2025-09-14,76,60.0
SKU032,2025-09-21,57,69.0
SKU032,2025-09-28,60,43.0
SKU032,2025-10-05,44,50.0
SKU032,2025-10-12,50,56.0
SKU032,2025-10-19,48,49.0
SKU032,2025-10-26,52,48.0
SKU032,2025-11-02,67,51.0
SKU032,2025-11-09,61,68.0
SKU032,2025-11-16,54,53.0
SKU032,2025-11-23,70,41.0
SKU032,2025-11-30,50,50.0
SKU032,2025-12-07,60,54.0
SKU032,2025-12-14,56,58.0
SKU032,2025-12-21,68,59.0
SKU032,2025-12-28,51,64.0
SKU033,2025-01-05,103,114.0
SKU033,2025-01-12,123,133.0
SKU033,2025-01-19,138,132.0
SKU033,2025-01-26,129,127.0
SKU033,2025-02-02,139,123.0
SKU033,2025-02-09,146,144.0
SKU033,2025-02-16,127,105.0
SKU033,2025-02-23,129,125.0
SKU033,2025-03-02,138,125.0
SKU033,2025-03-09,154,149.0
SKU033,2025-03-16,160,160.0
SKU033,2025-03-23,149,151.0
SKU033,2025-03-30,179,162.0
SKU033,2025-04-06,156,164.0
SKU033,2025-04-13,159,178.0
SKU033,2025-04-20,130,148.0
SKU033,2025-04-27,159,119.0
SKU033,2025-05-04,152,138.0
SKU033,2025-05-11,154,155.0
SKU033,2025-05-18,140,150.0
SKU033,2025-05-25,132,120.0
SKU033,2025-06-01,155,145.0
SKU033,2025-06-08,132,146.0
SKU033,2025-06-15,154,152.0
SKU033,2025-06-22,165,158.0
SKU033,2025-06-29,145,146.0
SKU033,2025-07-06,137,134.0
SKU033,2025-07-13,118,136.0
SKU033,2025-07-20,121,122.0
SKU033,2025-07-27,119,125.0
SKU033,2025-08-03,112,112.0
SKU033,2025-08-10,110,107.0
SKU033,2025-08-17,96,103.0
SKU033,2025-08-24,113,109.0
SKU033,2025-08-31,115,107.0
SKU033,2025-09-07,97,109.0
SKU033,2025-09-14,126,107.0
SKU033,2025-09-21,110,88.0
SKU033,2025-09-28,125,106.0
SKU033,2025-10-05,102,94.0
SKU033,2025-10-12,88,95.0
SKU033,2025-10-19,100,104.0
SKU033,2025-10-26,95,114.0
SKU033,2025-11-02,95,118.0
SKU033,2025-11-09,119,123.0
SKU033,2025-11-16,116,103.0
SKU033,2025-11-23,120,109.0
SKU033,2025-11-30,121,86.0
SKU033,2025-12-07,117,107.0
SKU033,2025-12-14,109,127.0
SKU033,2025-12-21,116,120.0
SKU033,2025-12-28,96,108.0
SKU034,2025-01-05,129,131.0
SKU034,2025-01-12,128,146.0
SKU034,2025-01-19,134,137.0
SKU034,2025-01-26,148,126.0
SKU034,2025-02-02,142,153.0
SKU034,2025-02-09,145,160.0
SKU034,2025-02-16,160,142.0
SKU034,2025-02-23,163,132.0
SKU034,2025-03-02,153,155.0
SKU034,2025-03-09,176,163.0
SKU034,2025-03-16,197,161.0
SKU034,2025-03-23,170,171.0
SKU034,2025-03-30,176,167.0
SKU034,2025-04-06,159,179.0
SKU034,2025-04-13,150,174.0
SKU034,2025-04-20,156,162.0
SKU034,2025-04-27,170,160.0
SKU034,2025-05-04,150,170.0
SKU034,2025-05-11,127,153.0
SKU034,2025-05-18,171,163.0
SKU034,2025-05-25,162,147.0
SKU034,2025-06-01,180,170.0
SKU034,2025-06-08,163,171.0
SKU034,2025-06-15,162,165.0
SKU034,2025-06-22,163,170.0
SKU034,2025-06-29,172,181.0
SKU034,2025-07-06,134,148.0
SKU034,2025-07-13,118,120.0
SKU034,2025-07-20,147,127.0
SKU034,2025-07-27,152,132.0
SKU034,2025-08-03,124,117.0
SKU034,2025-08-10,111,129.0
SKU034,2025-08-17,135,120.0
SKU034,2025-08-24,103,95.0
SKU034,2025-08-31,138,115.0
SKU034,2025-09-07,150,110.0
SKU034,2025-09-14,115,150.0
SKU034,2025-09-21,110,153.0
SKU034,2025-09-28,148,111.0
SKU034,2025-10-05,106,118.0
SKU034,2025-10-12,97,99.0
SKU034,2025-10-19,115,116.0
SKU034,2025-10-26,101,111.0
SKU034,2025-11-02,122,137.0
SKU034,2025-11-09,129,122.0
SKU034,2025-11-16,118,131.0
SKU034,2025-11-23,133,121.0
SKU034,2025-11-30,130,142.0
SKU034,2025-12-07,147,128.0
SKU034,2025-12-14,118,137.0
SKU034,2025-12-21,119,114.0
SKU034,2025-12-28,124,127.0
SKU035,2025-01-05,139,146.0
SKU035,2025-01-12,149,159.0
SKU035,2025-01-19,122,154.0
SKU035,2025-01-26,148,139.0
SKU035,2025-02-02,140,154.0
SKU035,2025-02-09,179,153.0
SKU035,2025-02-16,184,165.0
SKU035,2025-02-23,165,163.0
SKU035,2025-03-02,189,173.0
SKU035,2025-03-09,175,177.0
SKU035,2025-03-16,162,177.0
SKU035,2025-03-23,176,185.0
SKU035,2025-03-30,181,176.0
SKU035,2025-04-06,164,165.0
SKU035,2025-04-13,187,187.0
SKU035,2025-04-20,173,159.0
SKU035,2025-04-27,160,201.0
SKU035,2025-05-04,176,169.0
SKU035,2025-05-11,180,159.0
SKU035,2025-05-18,181,158.0
SKU035,2025-05-25,169,174.0
SKU035,2025-06-01,183,176.0
SKU035,2025-06-08,190,166.0
SKU035,2025-06-15,163,195.0
SKU035,2025-06-22,152,159.0
SKU035,2025-06-29,177,177.0
SKU035,2025-07-06,148,143.0
SKU035,2025-07-13,123,159.0
SKU035,2025-07-20,132,132.0
SKU035,2025-07-27,154,159.0
SKU035,2025-08-03,137,144.0
SKU035,2025-08-10,134,137.0
SKU035,2025-08-17,146,137.0
SKU035,2025-08-24,117,125.0
SKU035,2025-08-31,132,135.0
SKU035,2025-09-07,147,120.0
SKU035,2025-09-14,119,134.0
SKU035,2025-09-21,138,133.0
SKU035,2025-09-28,123,130.0
SKU035,2025-10-05,134,114.0
SKU035,2025-10-12,108,102.0
SKU035,2025-10-19,129,126.0
SKU035,2025-10-26,135,102.0
SKU035,2025-11-02,117,119.0
SKU035,2025-11-09,113,124.0
SKU035,2025-11-16,124,117.0
SKU035,2025-11-23,133,135.0
SKU035,2025-11-30,131,132.0
SKU035,2025-12-07,128,135.0
SKU035,2025-12-14,128,133.0
SKU035,2025-12-21,127,134.0
SKU035,2025-12-28,148,126.0
SKU036,2025-01-05,22,25.0
SKU036,2025-01-12,32,28.0
SKU036,2025-01-19,36,40.0
SKU036,2025-01-26,38,39.0
SKU036,2025-02-02,39,46.0
SKU036,2025-02-09,39,29.0
SKU036,2025-02-16,30,41.0
SKU036,2025-02-23,40,33.0
SKU036,2025-03-02,34,47.0
SKU036,2025-03-09,35,53.0
SKU036,2025-03-16,27,33.0
SKU036,2025-03-23,34,49.0
SKU036,2025-03-30,41,41.0
SKU036,2025-04-06,40,49.0
SKU036,2025-04-13,46,44.0
SKU036,2025-04-20,33,44.0
SKU036,2025-04-27,47,33.0
SKU036,2025-05-04,43,28.0
SKU036,2025-05-11,44,24.0
SKU036,2025-05-18,45,39.0
SKU036,2025-05-25,28,30.0
SKU036,2025-06-01,44,45.0
SKU036,2025-06-08,31,43.0
SKU036,2025-06-15,30,41.0
SKU036,2025-06-22,42,27.0
SKU036,2025-06-29,40,39.0
SKU036,2025-07-06,33,21.0
SKU036,2025-07-13,33,21.0
SKU036,2025-07-20,37,49.0
SKU036,2025-07-27,26,31.0
SKU036,2025-08-03,33,25.0
SKU036,2025-08-10,26,21.0
SKU036,2025-08-17,22,24.0
SKU036,2025-08-24,27,34.0
SKU036,2025-08-31,43,28.0
SKU036,2025-09-07,28,33.0
SKU036,2025-09-14,26,30.0
SKU036,2025-09-21,35,28.0
SKU036,2025-09-28,27,32.0
SKU036,2025-10-05,33,27.0
SKU036,2025-10-12,19,35.0
SKU036,2025-10-19,19,29.0
SKU036,2025-10-26,34,21.0
SKU036,2025-11-02,29,28.0
SKU036,2025-11-09,27,33.0
SKU036,2025-11-16,30,40.0
SKU036,2025-11-23,35,33.0
SKU036,2025-11-30,31,25.0
SKU036,2025-12-07,27,26.0
SKU036,2025-12-14,31,36.0
SKU036,2025-12-21,36,25.0
SKU036,2025-12-28,30,37.0
SKU037,2025-01-05,159,168.0
SKU037,2025-01-12,156,160.0
SKU037,2025-01-19,158,169.0
SKU037,2025-01-26,163,185.0
SKU037,2025-02-02,167,155.0
SKU037,2025-02-09,181,171.0
SKU037,2025-02-16,165,189.0
SKU037,2025-02-23,181,188.0
SKU037,2025-03-02,220,194.0
SKU037,2025-03-09,220,213.0
SKU037,2025-03-16,206,221.0
SKU037,2025-03-23,217,197.0
SKU037,2025-03-30,231,203.0
SKU037,2025-04-06,204,184.0
SKU037,2025-04-13,195,221.0
SKU037,2025-04-20,189,196.0
SKU037,2025-04-27,182,183.0
SKU037,2025-05-04,225,204.0
SKU037,2025-05-11,201,194.0
SKU037,2025-05-18,193,198.0
SKU037,2025-05-25,199,190.0
SKU037,2025-06-01,216,207.0
SKU037,2025-06-08,212,203.0
SKU037,2025-06-15,195,186.0
SKU037,2025-06-22,200,191.0
SKU037,2025-06-29,202,211.0
SKU037,2025-07-06,188,166.0
SKU037,2025-07-13,210,181.0
SKU037,2025-07-20,182,178.0
SKU037,2025-07-27,149,169.0
SKU037,2025-08-03,143,179.0
SKU037,2025-08-10,162,144.0
SKU037,2025-08-17,146,156.0
SKU037,2025-08-24,170,134.0
SKU037,2025-08-31,171,156.0
SKU037,2025-09-07,133,155.0
SKU037,2025-09-14,154,149.0
SKU037,2025-09-21,165,163.0
SKU037,2025-09-28,157,132.0
SKU037,2025-10-05,140,143.0
SKU037,2025-10-12,128,132.0
SKU037,2025-10-19,147,129.0
SKU037,2025-10-26,139,141.0
SKU037,2025-11-02,154,153.0
SKU037,2025-11-09,171,162.0
SKU037,2025-11-16,150,161.0
SKU037,2025-11-23,166,147.0
SKU037,2025-11-30,144,133.0
SKU037,2025-12-07,155,171.0
SKU037,2025-12-14,133,173.0
SKU037,2025-12-21,139,177.0
SKU037,2025-12-28,161,137.0
SKU038,2025-01-05,57,50.0
SKU038,2025-01-12,48,62.0
SKU038,2025-01-19,48,50.0
SKU038,2025-01-26,42,39.0
SKU038,2025-02-02,46,58.0
SKU038,2025-02-09,47,48.0
SKU038,2025-02-16,55,56.0
SKU038,2025-02-23,61,55.0
SKU038,2025-03-02,53,54.0
SKU038,2025-03-09,59,68.0
SKU038,2025-03-16,77,70.0
SKU038,2025-03-23,65,64.0
SKU038,2025-03-30,59,67.0
SKU038,2025-04-06,73,45.0
SKU038,2025-04-13,73,74.0
SKU038,2025-04-20,71,56.0
SKU038,2025-04-27,63,52.0
SKU038,2025-05-04,51,56.0
SKU038,2025-05-11,67,62.0
SKU038,2025-05-18,62,66.0
SKU038,2025-05-25,76,54.0
SKU038,2025-06-01,60,67.0
SKU038,2025-06-08,62,63.0
SKU038,2025-06-15,58,65.0
SKU038,2025-06-22,60,50.0
SKU038,2025-06-29,75,74.0
SKU038,2025-07-06,57,52.0
SKU038,2025-07-13,57,46.0
SKU038,2025-07-20,59,54.0
SKU038,2025-07-27,50,60.0
SKU038,2025-08-03,45,52.0
SKU038,2025-08-10,42,51.0
SKU038,2025-08-17,60,51.0
SKU038,2025-08-24,47,42.0
SKU038,2025-08-31,49,48.0
SKU038,2025-09-07,48,58.0
SKU038,2025-09-14,47,47.0
SKU038,2025-09-21,40,43.0
SKU038,2025-09-28,49,37.0
SKU038,2025-10-05,40,41.0
SKU038,2025-10-12,48,37.0
SKU038,2025-10-19,44,52.0
SKU038,2025-10-26,44,45.0
SKU038,2025-11-02,37,55.0
SKU038,2025-11-09,50,34.0
SKU038,2025-11-16,48,52.0
SKU038,2025-11-23,61,49.0
SKU038,2025-11-30,61,34.0
SKU038,2025-12-07,39,55.0
SKU038,2025-12-14,49,56.0
SKU038,2025-12-21,49,45.0
SKU038,2025-12-28,56,45.0
SKU039,2025-01-05,13,24.0
SKU039,2025-01-12,25,16.0
SKU039,2025-01-19,25,16.0
SKU039,2025-01-26,24,20.0
SKU039,2025-02-02,25,27.0
SKU039,2025-02-09,26,21.0
SKU039,2025-02-16,29,28.0
SKU039,2025-02-23,18,30.0
SKU039,2025-03-02,28,25.0
SKU039,2025-03-09,31,24.0
SKU039,2025-03-16,20,34.0
SKU039,2025-03-23,23,27.0
SKU039,2025-03-30,20,22.0
SKU039,2025-04-06,27,30.0
SKU039,2025-04-13,24,31.0
SKU039,2025-04-20,24,17.0
SKU039,2025-04-27,18,29.0
SKU039,2025-05-04,23,21.0
SKU039,2025-05-11,33,29.0
SKU039,2025-05-18,29,27.0
SKU039,2025-05-25,24,25.0
SKU039,2025-06-01,20,27.0
SKU039,2025-06-08,26,25.0
SKU039,2025-06-15,26,24.0
SKU039,2025-06-22,32,25.0
SKU039,2025-06-29,31,21.0
SKU039,2025-07-06,19,21.0
SKU039,2025-07-13,24,18.0
SKU039,2025-07-20,18,18.0
SKU039,2025-07-27,34,16.0
SKU039,2025-08-03,23,15.0
SKU039,2025-08-10,23,16.0
SKU039,2025-08-17,20,24.0
SKU039,2025-08-24,18,29.0
SKU039,2025-08-31,13,16.0
SKU039,2025-09-07,17,26.0
SKU039,2025-09-14,20,22.0
SKU039,2025-09-21,18,22.0
SKU039,2025-09-28,25,24.0
SKU039,2025-10-05,26,16.0
SKU039,2025-10-12,17,9.0
SKU039,2025-10-19,16,18.0
SKU039,2025-10-26,19,19.0
SKU039,2025-11-02,18,21.0
SKU039,2025-11-09,18,24.0
SKU039,2025-11-16,24,18.0
SKU039,2025-11-23,18,24.0
SKU039,2025-11-30,13,11.0
SKU039,2025-12-07,23,14.0
SKU039,2025-12-14,15,17.0
SKU039,2025-12-21,12,13.0
SKU039,2025-12-28,21,16.0
SKU040,2025-01-05,101,104.0
SKU040,2025-01-12,115,116.0
SKU040,2025-01-19,112,105.0
SKU040,2025-01-26,101,92.0
SKU040,2025-02-02,110,118.0
SKU040,2025-02-09,102,117.0
SKU040,2025-02-16,125,122.0
SKU040,2025-02-23,111,110.0
SKU040,2025-03-02,136,137.0
SKU040,2025-03-09,126,114.0
SKU040,2025-03-16,146,140.0
SKU040,2025-03-23,151,173.0
SKU040,2025-03-30,120,147.0
SKU040,2025-04-06,135,109.0
SKU040,2025-04-13,122,126.0
SKU040,2025-04-20,116,131.0
SKU040,2025-04-27,100,117.0
SKU040,2025-05-04,136,119.0
SKU040,2025-05-11,129,125.0
SKU040,2025-05-18,122,108.0
SKU040,2025-05-25,123,119.0
SKU040,2025-06-01,134,135.0
SKU040,2025-06-08,124,128.0
SKU040,2025-06-15,113,128.0
SKU040,2025-06-22,125,124.0
SKU040,2025-06-29,119,97.0
SKU040,2025-07-06,117,103.0
SKU040,2025-07-13,106,116.0
SKU040,2025-07-20,99,102.0
SKU040,2025-07-27,97,109.0
SKU040,2025-08-03,108,109.0
SKU040,2025-08-10,90,103.0
SKU040,2025-08-17,92,109.0
SKU040,2025-08-24,110,110.0
SKU040,2025-08-31,99,85.0
SKU040,2025-09-07,105,94.0
SKU040,2025-09-14,106,109.0
SKU040,2025-09-21,109,89.0
SKU040,2025-09-28,87,84.0
SKU040,2025-10-05,76,91.0
SKU040,2025-10-12,82,93.0
SKU040,2025-10-19,81,96.0
SKU040,2025-10-26,91,92.0
SKU040,2025-11-02,103,89.0
SKU040,2025-11-09,89,114.0
SKU040,2025-11-16,98,101.0
SKU040,2025-11-23,86,92.0
SKU040,2025-11-30,76,92.0
SKU040,2025-12-07,103,97.0
SKU040,2025-12-14,101,90.0
SKU040,2025-12-21,93,99.0
SKU040,2025-12-28,76,103.0
SKU041,2025-01-05,74,73.0
SKU041,2025-01-12,98,80.0
SKU041,2025-01-19,74,66.0
SKU041,2025-01-26,72,82.0
SKU041,2025-02-02,80,83.0
SKU041,2025-02-09,77,76.0
SKU041,2025-02-16,76,77.0
SKU041,2025-02-23,96,72.0
SKU041,2025-03-02,99,94.0
SKU041,2025-03-09,101,91.0
SKU041,2025-03-16,101,101.0
SKU041,2025-03-23,90,110.0
SKU041,2025-03-30,105,115.0
SKU041,2025-04-06,93,95.0
SKU041,2025-04-13,96,78.0
SKU041,2025-04-20,91,99.0
SKU041,2025-04-27,97,73.0
SKU041,2025-05-04,99,98.0
SKU041,2025-05-11,67,101.0
SKU041,2025-05-18,89,78.0
SKU041,2025-05-25,79,79.0
SKU041,2025-06-01,81,100.0
SKU041,2025-06-08,93,89.0
SKU041,2025-06-15,98,90.0
SKU041,2025-06-22,78,89.0
SKU041,2025-06-29,72,88.0
SKU041,2025-07-06,79,62.0
SKU041,2025-07-13,73,63.0
SKU041,2025-07-20,93,70.0
SKU041,2025-07-27,69,66.0
SKU041,2025-08-03,63,71.0
SKU041,2025-08-10,72,71.0
SKU041,2025-08-17,81,71.0
SKU041,2025-08-24,66,67.0
SKU041,2025-08-31,80,77.0
SKU041,2025-09-07,72,63.0
SKU041,2025-09-14,58,66.0
SKU041,2025-09-21,66,74.0
SKU041,2025-09-28,62,62.0
SKU041,2025-10-05,67,62.0
SKU041,2025-10-12,54,82.0
SKU041,2025-10-19,62,63.0
SKU041,2025-10-26,52,63.0
SKU041,2025-11-02,67,66.0
SKU041,2025-11-09,79,75.0
SKU041,2025-11-16,65,65.0
SKU041,2025-11-23,52,62.0
SKU041,2025-11-30,83,66.0
SKU041,2025-12-07,78,75.0
SKU041,2025-12-14,66,54.0
SKU041,2025-12-21,71,79.0
SKU041,2025-12-28,70,80.0
SKU042,2025-01-05,157,166.0
SKU042,2025-01-12,137,157.0
SKU042,2025-01-19,155,136.0
SKU042,2025-01-26,149,155.0
SKU042,2025-02-02,162,157.0
SKU042,2025-02-09,151,165.0
SKU042,2025-02-16,179,148.0
SKU042,2025-02-23,165,162.0
SKU042,2025-03-02,175,208.0
SKU042,2025-03-09,193,182.0
SKU042,2025-03-16,194,181.0
SKU042,2025-03-23,182,189.0
SKU042,2025-03-30,183,196.0
SKU042,2025-04-06,201,193.0
SKU042,2025-04-13,168,194.0
SKU042,2025-04-20,174,163.0
SKU042,2025-04-27,180,199.0
SKU042,2025-05-04,194,201.0
SKU042,2025-05-11,192,166.0
SKU042,2025-05-18,202,191.0
SKU042,2025-05-25,180,172.0
SKU042,2025-06-01,172,212.0
SKU042,2025-06-08,199,158.0
SKU042,2025-06-15,181,195.0
SKU042,2025-06-22,179,184.0
SKU042,2025-06-29,197,159.0
SKU042,2025-07-06,163,142.0
SKU042,2025-07-13,158,145.0
SKU042,2025-07-20,161,147.0
SKU042,2025-07-27,157,158.0
SKU042,2025-08-03,167,143.0
SKU042,2025-08-10,141,139.0
SKU042,2025-08-17,142,141.0
SKU042,2025-08-24,154,126.0
SKU042,2025-08-31,162,147.0
SKU042,2025-09-07,146,147.0
SKU042,2025-09-14,149,126.0
SKU042,2025-09-21,169,147.0
SKU042,2025-09-28,123,133.0
SKU042,2025-10-05,132,120.0
SKU042,2025-10-12,137,125.0
SKU042,2025-10-19,138,131.0
SKU042,2025-10-26,117,114.0
SKU042,2025-11-02,134,136.0
SKU042,2025-11-09,141,121.0
SKU042,2025-11-16,132,148.0
SKU042,2025-11-23,124,138.0
SKU042,2025-11-30,142,133.0
SKU042,2025-12-07,156,159.0
SKU042,2025-12-14,125,132.0
SKU042,2025-12-21,173,122.0
SKU042,2025-12-28,148,158.0
SKU043,2025-01-05,169,157.0
SKU043,2025-01-12,166,141.0
SKU043,2025-01-19,157,140.0
SKU043,2025-01-26,155,166.0
SKU043,2025-02-02,161,173.0
SKU043,2025-02-09,191,177.0
SKU043,2025-02-16,168,152.0
SKU043,2025-02-23,153,168.0
SKU043,2025-03-02,193,182.0
SKU043,2025-03-09,186,175.0
SKU043,2025-03-16,184,175.0
SKU043,2025-03-23,191,171.0
SKU043,2025-03-30,200,177.0
SKU043,2025-04-06,188,172.0
SKU043,2025-04-13,176,170.0
SKU043,2025-04-20,184,187.0
SKU043,2025-04-27,176,192.0
SKU043,2025-05-04,179,174.0
SKU043,2025-05-11,165,179.0
SKU043,2025-05-18,170,181.0
SKU043,2025-05-25,184,178.0
SKU043,2025-06-01,192,191.0
SKU043,2025-06-08,194,169.0
SKU043,2025-06-15,178,179.0
SKU043,2025-06-22,180,169.0
SKU043,2025-06-29,179,172.0
SKU043,2025-07-06,155,136.0
SKU043,2025-07-13,161,172.0
SKU043,2025-07-20,161,141.0
SKU043,2025-07-27,132,160.0
SKU043,2025-08-03,149,160.0
SKU043,2025-08-10,156,123.0
SKU043,2025-08-17,142,136.0
SKU043,2025-08-24,130,123.0
SKU043,2025-08-31,139,140.0
SKU043,2025-09-07,133,148.0
SKU043,2025-09-14,143,124.0
SKU043,2025-09-21,143,136.0
SKU043,2025-09-28,121,140.0
SKU043,2025-10-05,115,130.0
SKU043,2025-10-12,125,113.0
SKU043,2025-10-19,123,121.0
SKU043,2025-10-26,117,132.0
SKU043,2025-11-02,147,130.0
SKU043,2025-11-09,148,128.0
SKU043,2025-11-16,145,140.0
SKU043,2025-11-23,144,142.0
SKU043,2025-11-30,113,127.0
SKU043,2025-12-07,127,147.0
SKU043,2025-12-14,142,133.0
SKU043,2025-12-21,132,133.0
SKU043,2025-12-28,126,131.0
SKU044,2025-01-05,63,66.0
SKU044,2025-01-12,76,83.0
SKU044,2025-01-19,81,71.0
SKU044,2025-01-26,71,64.0
SKU044,2025-02-02,67,76.0
SKU044,2025-02-09,69,65.0
SKU044,2025-02-16,66,77.0
SKU044,2025-02-23,67,70.0
SKU044,2025-03-02,75,89.0
SKU044,2025-03-09,90,69.0
SKU044,2025-03-16,88,94.0
SKU044,2025-03-23,85,78.0
SKU044,2025-03-30,76,88.0
SKU044,2025-04-06,85,81.0
SKU044,2025-04-13,67,76.0
SKU044,2025-04-20,84,77.0
SKU044,2025-04-27,77,84.0
SKU044,2025-05-04,74,79.0
SKU044,2025-05-11,81,84.0
SKU044,2025-05-18,88,70.0
SKU044,2025-05-25,72,77.0
SKU044,2025-06-01,89,85.0
SKU044,2025-06-08,73,78.0
SKU044,2025-06-15,88,81.0
SKU044,2025-06-22,71,77.0
SKU044,2025-06-29,62,90.0
SKU044,2025-07-06,61,71.0
SKU044,2025-07-13,79,71.0
SKU044,2025-07-20,72,78.0
SKU044,2025-07-27,69,78.0
SKU044,2025-08-03,65,66.0
SKU044,2025-08-10,66,60.0
SKU044,2025-08-17,61,76.0
SKU044,2025-08-24,70,55.0
SKU044,2025-08-31,51,70.0
SKU044,2025-09-07,56,60.0
SKU044,2025-09-14,61,63.0
SKU044,2025-09-21,47,56.0
SKU044,2025-09-28,66,68.0
SKU044,2025-10-05,50,48.0
SKU044,2025-10-12,49,57.0
SKU044,2025-10-19,56,61.0
SKU044,2025-10-26,53,57.0
SKU044,2025-11-02,60,59.0
SKU044,2025-11-09,58,48.0
SKU044,2025-11-16,53,54.0
SKU044,2025-11-23,46,44.0
SKU044,2025-11-30,57,59.0
SKU044,2025-12-07,52,50.0
SKU044,2025-12-14,57,54.0
SKU044,2025-12-21,61,52.0
SKU044,2025-12-28,61,60.0
SKU045,2025-01-05,162,170.0
SKU045,2025-01-12,169,157.0
SKU045,2025-01-19,145,160.0
SKU045,2025-01-26,184,169.0
SKU045,2025-02-02,184,191.0
SKU045,2025-02-09,179,204.0
SKU045,2025-02-16,202,189.0
SKU045,2025-02-23,202,181.0
SKU045,2025-03-02,218,223.0
SKU045,2025-03-09,240,212.0
SKU045,2025-03-16,226,200.0
SKU045,2025-03-23,223,223.0
SKU045,2025-03-30,211,218.0
SKU045,2025-04-06,205,186.0
SKU045,2025-04-13,233,219.0
SKU045,2025-04-20,216,212.0
SKU045,2025-04-27,186,213.0
SKU045,2025-05-04,186,209.0
SKU045,2025-05-11,192,198.0
SKU045,2025-05-18,209,213.0
SKU045,2025-05-25,199,187.0
SKU045,2025-06-01,231,230.0
SKU045,2025-06-08,200,213.0
SKU045,2025-06-15,221,239.0
SKU045,2025-06-22,177,217.0
SKU045,2025-06-29,207,204.0
SKU045,2025-07-06,160,177.0
SKU045,2025-07-13,156,150.0
SKU045,2025-07-20,187,157.0
SKU045,2025-07-27,170,181.0
SKU045,2025-08-03,149,172.0
SKU045,2025-08-10,151,169.0
SKU045,2025-08-17,155,197.0
SKU045,2025-08-24,159,130.0
SKU045,2025-08-31,138,158.0
SKU045,2025-09-07,163,159.0
SKU045,2025-09-14,171,154.0
SKU045,2025-09-21,147,152.0
SKU045,2025-09-28,162,178.0
SKU045,2025-10-05,142,139.0
SKU045,2025-10-12,123,131.0
SKU045,2025-10-19,120,142.0
SKU045,2025-10-26,143,173.0
SKU045,2025-11-02,143,145.0
SKU045,2025-11-09,154,143.0
SKU045,2025-11-16,150,170.0
SKU045,2025-11-23,155,162.0
SKU045,2025-11-30,164,161.0
SKU045,2025-12-07,166,151.0
SKU045,2025-12-14,152,149.0
SKU045,2025-12-21,123,159.0
SKU045,2025-12-28,157,190.0
SKU046,2025-01-05,56,63.0
SKU046,2025-01-12,72,45.0
SKU046,2025-01-19,66,52.0
SKU046,2025-01-26,60,50.0
SKU046,2025-02-02,66,73.0
SKU046,2025-02-09,76,69.0
SKU046,2025-02-16,64,73.0
SKU046,2025-02-23,70,66.0
SKU046,2025-03-02,88,69.0
SKU046,2025-03-09,76,90.0
SKU046,2025-03-16,77,93.0
SKU046,2025-03-23,71,86.0
SKU046,2025-03-30,70,80.0
SKU046,2025-04-06,73,75.0
SKU046,2025-04-13,59,68.0
SKU046,2025-04-20,78,72.0
SKU046,2025-04-27,79,87.0
SKU046,2025-05-04,81,70.0
SKU046,2025-05-11,60,73.0
SKU046,2025-05-18,78,78.0
SKU046,2025-05-25,67,76.0
SKU046,2025-06-01,77,80.0
SKU046,2025-06-08,75,67.0
SKU046,2025-06-15,66,76.0
SKU046,2025-06-22,58,64.0
SKU046,2025-06-29,79,65.0
SKU046,2025-07-06,55,63.0
SKU046,2025-07-13,78,58.0
SKU046,2025-07-20,74,60.0
SKU046,2025-07-27,78,69.0
SKU046,2025-08-03,51,62.0
SKU046,2025-08-10,69,73.0
SKU046,2025-08-17,64,59.0
SKU046,2025-08-24,54,60.0
SKU046,2025-08-31,58,55.0
SKU046,2025-09-07,53,60.0
SKU046,2025-09-14,56,56.0
SKU046,2025-09-21,61,54.0
SKU046,2025-09-28,73,56.0
SKU046,2025-10-05,62,54.0
SKU046,2025-10-12,47,60.0
SKU046,2025-10-19,40,42.0
SKU046,2025-10-26,50,40.0
SKU046,2025-11-02,64,55.0
SKU046,2025-11-09,49,56.0
SKU046,2025-11-16,56,69.0
SKU046,2025-11-23,53,60.0
SKU046,2025-11-30,52,48.0
SKU046,2025-12-07,56,51.0
SKU046,2025-12-14,66,63.0
SKU046,2025-12-21,57,59.0
SKU046,2025-12-28,58,66.0
SKU047,2025-01-05,114,109.0
SKU047,2025-01-12,110,89.0
SKU047,2025-01-19,84,118.0
SKU047,2025-01-26,90,96.0
SKU047,2025-02-02,99,104.0
SKU047,2025-02-09,108,113.0
SKU047,2025-02-16,104,124.0
SKU047,2025-02-23,105,99.0
SKU047,2025-03-02,107,105.0
SKU047,2025-03-09,146,149.0
SKU047,2025-03-16,134,132.0
SKU047,2025-03-23,128,135.0
SKU047,2025-03-30,125,123.0
SKU047,2025-04-06,114,123.0
SKU047,2025-04-13,104,95.0
SKU047,2025-04-20,110,129.0
SKU047,2025-04-27,115,130.0
SKU047,2025-05-04,122,123.0
SKU047,2025-05-11,112,112.0
SKU047,2025-05-18,103,102.0
SKU047,2025-05-25,114,127.0
SKU047,2025-06-01,122,132.0
SKU047,2025-06-08,123,113.0
SKU047,2025-06-15,125,102.0
SKU047,2025-06-22,133,133.0
SKU047,2025-06-29,110,128.0
SKU047,2025-07-06,110,119.0
SKU047,2025-07-13,106,84.0
SKU047,2025-07-20,105,102.0
SKU047,2025-07-27,107,108.0
SKU047,2025-08-03,120,99.0
SKU047,2025-08-10,95,93.0
SKU047,2025-08-17,101,66.0
SKU047,2025-08-24,86,101.0
SKU047,2025-08-31,92,110.0
SKU047,2025-09-07,103,96.0
SKU047,2025-09-14,78,75.0
SKU047,2025-09-21,87,94.0
SKU047,2025-09-28,94,115.0
SKU047,2025-10-05,77,75.0
SKU047,2025-10-12,81,93.0
SKU047,2025-10-19,76,84.0
SKU047,2025-10-26,75,79.0
SKU047,2025-11-02,101,93.0
SKU047,2025-11-09,102,93.0
SKU047,2025-11-16,101,82.0
SKU047,2025-11-23,81,85.0
SKU047,2025-11-30,90,78.0
SKU047,2025-12-07,108,78.0
SKU047,2025-12-14,86,85.0
SKU047,2025-12-21,100,92.0
SKU047,2025-12-28,88,82.0
SKU048,2025-01-05,52,76.0
SKU048,2025-01-12,57,51.0
SKU048,2025-01-19,61,52.0
SKU048,2025-01-26,71,42.0
SKU048,2025-02-02,63,52.0
SKU048,2025-02-09,53,61.0
SKU048,2025-02-16,44,54.0
SKU048,2025-02-23,59,64.0
SKU048,2025-03-02,72,73.0
SKU048,2025-03-09,67,65.0
SKU048,2025-03-16,71,76.0
SKU048,2025-03-23,64,70.0
SKU048,2025-03-30,76,79.0
SKU048,2025-04-06,61,59.0
SKU048,2025-04-13,80,65.0
SKU048,2025-04-20,79,74.0
SKU048,2025-04-27,56,54.0
SKU048,2025-05-04,73,60.0
SKU048,2025-05-11,74,71.0
SKU048,2025-05-18,71,69.0
SKU048,2025-05-25,61,66.0
SKU048,2025-06-01,71,76.0
SKU048,2025-06-08,67,68.0
SKU048,2025-06-15,59,67.0
SKU048,2025-06-22,77,74.0
SKU048,2025-06-29,73,57.0
SKU048,2025-07-06,50,64.0
SKU048,2025-07-13,48,66.0
SKU048,2025-07-20,52,58.0
SKU048,2025-07-27,67,58.0
SKU048,2025-08-03,43,55.0
SKU048,2025-08-10,50,53.0
SKU048,2025-08-17,35,59.0
SKU048,2025-08-24,45,59.0
SKU048,2025-08-31,60,65.0
SKU048,2025-09-07,57,41.0
SKU048,2025-09-14,58,63.0
SKU048,2025-09-21,54,56.0
SKU048,2025-09-28,50,48.0
SKU048,2025-10-05,46,47.0
SKU048,2025-10-12,51,51.0
SKU048,2025-10-19,59,51.0
SKU048,2025-10-26,31,53.0
SKU048,2025-11-02,61,63.0
SKU048,2025-11-09,63,45.0
SKU048,2025-11-16,47,57.0
SKU048,2025-11-23,63,55.0
SKU048,2025-11-30,36,56.0
SKU048,2025-12-07,57,50.0
SKU048,2025-12-14,55,55.0
SKU048,2025-12-21,58,41.0
SKU048,2025-12-28,40,62.0
SKU049,2025-01-05,198,177.0
SKU049,2025-01-12,177,178.0
SKU049,2025-01-19,183,184.0
SKU049,2025-01-26,154,181.0
SKU049,2025-02-02,160,178.0
SKU049,2025-02-09,199,191.0
SKU049,2025-02-16,182,194.0
SKU049,2025-02-23,184,186.0
SKU049,2025-03-02,207,192.0
SKU049,2025-03-09,214,207.0
SKU049,2025-03-16,190,190.0
SKU049,2025-03-23,218,228.0
SKU049,2025-03-30,230,221.0
SKU049,2025-04-06,184,219.0
SKU049,2025-04-13,213,199.0
SKU049,2025-04-20,198,193.0
SKU049,2025-04-27,203,222.0
SKU049,2025-05-04,202,219.0
SKU049,2025-05-11,222,200.0
SKU049,2025-05-18,185,192.0
SKU049,2025-05-25,187,178.0
SKU049,2025-06-01,213,196.0
SKU049,2025-06-08,206,194.0
SKU049,2025-06-15,206,190.0
SKU049,2025-06-22,197,187.0
SKU049,2025-06-29,220,200.0
SKU049,2025-07-06,156,167.0
SKU049,2025-07-13,179,165.0
SKU049,2025-07-20,171,188.0
SKU049,2025-07-27,168,174.0
SKU049,2025-08-03,158,176.0
SKU049,2025-08-10,159,164.0
SKU049,2025-08-17,163,151.0
SKU049,2025-08-24,145,138.0
SKU049,2025-08-31,159,156.0
SKU049,2025-09-07,152,152.0
SKU049,2025-09-14,167,164.0
SKU049,2025-09-21,158,150.0
SKU049,2025-09-28,168,178.0
SKU049,2025-10-05,142,147.0
SKU049,2025-10-12,137,151.0
SKU049,2025-10-19,152,129.0
SKU049,2025-10-26,138,148.0
SKU049,2025-11-02,150,140.0
SKU049,2025-11-09,152,160.0
SKU049,2025-11-16,160,141.0
SKU049,2025-11-23,139,136.0
SKU049,2025-11-30,159,145.0
SKU049,2025-12-07,167,149.0
SKU049,2025-12-14,171,150.0
SKU049,2025-12-21,147,161.0
SKU049,2025-12-28,166,135.0
SKU050,2025-01-05,47,49.0
SKU050,2025-01-12,40,40.0
SKU050,2025-01-19,40,25.0
SKU050,2025-01-26,45,37.0
SKU050,2025-02-02,36,42.0
SKU050,2025-02-09,41,38.0
SKU050,2025-02-16,51,33.0
SKU050,2025-02-23,44,35.0
SKU050,2025-03-02,53,57.0
SKU050,2025-03-09,67,49.0
SKU050,2025-03-16,52,55.0
SKU050,2025-03-23,61,51.0
SKU050,2025-03-30,49,60.0
SKU050,2025-04-06,65,41.0
SKU050,2025-04-13,48,43.0
SKU050,2025-04-20,46,49.0
SKU050,2025-04-27,46,55.0
SKU050,2025-05-04,45,50.0
SKU050,2025-05-11,53,45.0
SKU050,2025-05-18,51,58.0
SKU050,2025-05-25,70,37.0
SKU050,2025-06-01,61,50.0
SKU050,2025-06-08,45,52.0
SKU050,2025-06-15,49,49.0
SKU050,2025-06-22,63,50.0
SKU050,2025-06-29,55,47.0
SKU050,2025-07-06,44,44.0
SKU050,2025-07-13,49,42.0
SKU050,2025-07-20,53,50.0
SKU050,2025-07-27,43,29.0
SKU050,2025-08-03,36,39.0
SKU050,2025-08-10,35,33.0
SKU050,2025-08-17,43,49.0
SKU050,2025-08-24,35,29.0
SKU050,2025-08-31,34,37.0
SKU050,2025-09-07,29,37.0
SKU050,2025-09-14,33,52.0
SKU050,2025-09-21,30,27.0
SKU050,2025-09-28,38,25.0
SKU050,2025-10-05,35,34.0
SKU050,2025-10-12,39,33.0
SKU050,2025-10-19,31,38.0
SKU050,2025-10-26,31,38.0
SKU050,2025-11-02,32,36.0
SKU050,2025-11-09,46,54.0
SKU050,2025-11-16,40,48.0
SKU050,2025-11-23,41,39.0
SKU050,2025-11-30,30,37.0
SKU050,2025-12-07,40,33.0
SKU050,2025-12-14,34,37.0
SKU050,2025-12-21,34,32.0
SKU050,2025-12-28,49,54.0
