SKU,Average_Weekly_Demand,Average_Current_Stock,Average_Weeks_of_Cover,Reorder_Risk_Count,Safety_Stock_Risk_Count,Lead_Time_Risk_Count
SKU012,182.65384615384616,67.25,0.3681827753211202,7,0,24
SKU010,119.3653846153846,71.29166666666667,0.5972557864776328,6,0,22
SKU026,158.46153846153845,121.45833333333333,0.7664846278317152,9,1,19
SKU034,141.2403846153846,109.29166666666667,0.7737989879047813,8,2,19
SKU031,131.45192307692307,121.83333333333333,0.9268280789018117,10,0,19
SKU042,159.22115384615384,155.33333333333334,0.9755822614087002,6,0,11
SKU040,109.28846153846153,113.91666666666667,1.0423485248401667,11,1,13
SKU047,104.0096153846154,112.70833333333333,1.0836337863239962,9,1,13
SKU048,59.17307692307693,73.54166666666667,1.2428230960892646,6,0,10
SKU019,113.10576923076923,169.45833333333334,1.4982289098585964,6,1,7
SKU045,178.3942307692308,293.8333333333333,1.6471010977559783,10,0,10
SKU013,98.67307692307692,183.29166666666666,1.857565127005782,9,1,9
SKU033,126.75,257.8333333333333,2.034188034188034,4,0,4
SKU023,103.7596153846154,211.58333333333334,2.0391684428381676,6,1,7
SKU014,151.27884615384616,314.875,2.081421216551198,10,2,6
SKU018,176.84615384615384,396.2916666666667,2.2408837175583587,6,0,5
SKU016,97.17307692307692,220.91666666666666,2.273434923147965,7,2,6
SKU044,68.51923076923077,159.625,2.3296379455515015,5,0,5
SKU021,59.79807692307693,141.29166666666666,2.3628128852441446,5,1,4
SKU007,173.66346153846155,413.8333333333333,2.382961445471827,3,0,2
SKU027,169.71153846153845,418.2916666666667,2.4647214353163363,5,0,4
SKU017,99.39423076923077,245.16666666666666,2.4666086227467674,4,2,3
SKU043,155.77884615384616,408.1666666666667,2.620167479373701,8,1,4
SKU009,75.08653846153847,204.83333333333334,2.7279634609638452,5,1,4
SKU024,91.6153846153846,265.4583333333333,2.8975300867618246,10,0,4
SKU049,176.21153846153845,553.2916666666666,3.1399286987522284,6,0,3
SKU022,71.1923076923077,226.5,3.1815235008103726,11,0,5
SKU035,149.25,509.75,3.4154103852596314,3,0,2
SKU046,64.84615384615384,230.45833333333334,3.5539244760775013,7,1,3
SKU032,65.33653846153847,256.5833333333333,3.9271032622026,5,0,4
SKU038,53.9423076923077,212.33333333333334,3.9363042186571597,9,0,2
SKU005,116.78846153846153,472.9583333333333,4.049700861737747,4,0,3
SKU029,110.52884615384615,453.7916666666667,4.105640133391329,11,2,2
SKU041,78.15384615384616,331.5833333333333,4.242700131233596,8,0,2
SKU008,114.5,496.5,4.336244541484716,6,1,2
SKU037,174.0,766.9166666666666,4.407567049808429,12,2,1
SKU030,33.45192307692308,155.75,4.655935613682092,3,0,1
SKU039,22.0,106.66666666666667,4.848484848484849,5,1,1
SKU001,100.625,640.2916666666666,6.363146997929607,7,0,1
SKU002,71.00961538461539,461.9583333333333,6.5055743624464,4,0,1
SKU003,40.35576923076923,272.0,6.74005241839409,3,0,1
SKU020,97.0673076923077,672.625,6.929470034670629,6,0,1
SKU006,45.82692307692307,344.0416666666667,7.507413624283116,7,0,1
SKU050,43.36538461538461,376.1666666666667,8.674353288987435,6,0,1
SKU028,39.29807692307692,388.7083333333333,9.891281298425904,7,2,1
SKU004,32.44230769230769,328.4166666666667,10.123098201936376,9,1,0
SKU036,33.64423076923077,353.7083333333333,10.513194245975042,8,0,1
SKU015,28.72115384615385,365.2083333333333,12.715656734739426,4,0,1
SKU011,18.73076923076923,546.625,29.183264887063658,5,2,1
SKU025,18.932692307692307,661.125,34.9197562214322,6,0,0
