Feature,Importance
Rolling_Mean_4,0.9327048615566521
Rolling_Mean_8,0.02331185222967577
Lag_1,0.010448350518666405
Week_of_Year,0.008453967971960899
Rolling_Std_4,0.004244508534878118
Lag_4,0.003634585546334452
Lag_2,0.0036278592524746907
Month_Sin,0.00306349857823044
Month,0.0024117229665530297
Quarter,0.0019588334160824633
Month_Cos,0.001942873943445849
Previous_Week_Promotion,0.0003539369595204789
SKU_SKU034,0.00031123077761154114
SKU_SKU031,0.00027423542301567805
SKU_SKU045,0.00023672531776592565
SKU_SKU014,0.00018152370850545312
SKU_SKU042,0.0001771794934223028
SKU_SKU024,0.00015712007902282733
SKU_SKU033,0.00015011343835288218
SKU_SKU027,0.00013207811433839657
SKU_SKU012,0.00013075772174397956
SKU_SKU026,0.00012591488027297192
SKU_SKU047,0.00012259983874479804
SKU_SKU007,0.00010538807161940576
SKU_SKU049,0.00010380134194531903
SKU_SKU035,9.995464750741952e-05
SKU_SKU037,9.886401462216624e-05
SKU_SKU010,9.704552918583086e-05
SKU_SKU001,7.30553090311524e-05
SKU_SKU041,7.157096243267015e-05
SKU_SKU043,7.147754899626472e-05
SKU_SKU040,6.994655655511573e-05
SKU_SKU002,6.675991837068545e-05
SKU_SKU023,6.555130953149918e-05
SKU_SKU005,5.9273224578756734e-05
SKU_SKU018,5.321610368194737e-05
SKU_SKU009,5.266559123664099e-05
SKU_SKU017,5.009110824785728e-05
SKU_SKU032,4.705121546328154e-05
SKU_SKU029,4.6252917446569904e-05
SKU_SKU008,4.3104066070274244e-05
SKU_SKU020,4.2605928174749316e-05
SKU_SKU016,4.245227613294335e-05
SKU_SKU019,4.1736446045205974e-05
SKU_SKU038,4.030533677912925e-05
SKU_SKU046,3.7533702607721774e-05
SKU_SKU006,3.7059455337373606e-05
SKU_SKU013,3.7051035714941585e-05
SKU_SKU050,3.691561804650772e-05
SKU_SKU022,3.5827331074993485e-05
SKU_SKU021,2.9099046645021383e-05
SKU_SKU003,2.5126401377224673e-05
SKU_SKU030,2.4507615133828983e-05
SKU_SKU044,2.342742272926177e-05
SKU_SKU036,2.2787606223636026e-05
SKU_SKU048,2.2319748584194785e-05
SKU_SKU028,1.715844282478841e-05
SKU_SKU015,1.6657308922400583e-05
SKU_SKU039,1.1192732438174777e-05
SKU_SKU004,1.1100174511935781e-05
SKU_SKU011,9.622561045347115e-06
SKU_SKU025,4.114105856319077e-06
