SKU,Date,Actual_Units,Model_Forecast,Baseline_Actual,Baseline_Forecast,Baseline_Error,Model_Error
SKU001,2025-08-17,90,91.96591213293347,90,89.0,1.0,-1.9659121329334681
SKU001,2025-08-24,91,92.56327914560158,91,98.0,-7.0,-1.5632791456015838
SKU001,2025-08-31,97,88.53415993753923,97,92.0,5.0,8.46584006246077
SKU001,2025-09-07,88,90.48503067423187,88,96.0,-8.0,-2.485030674231865
SKU001,2025-09-14,93,92.92024202514482,93,89.0,4.0,0.07975797485518399
SKU001,2025-09-21,88,93.60011803729122,88,104.0,-16.0,-5.6001180372912245
SKU001,2025-09-28,86,92.68440216153967,86,109.0,-23.0,-6.684402161539666
SKU001,2025-10-05,83,81.36027031719571,83,71.0,12.0,1.6397296828042869
SKU001,2025-10-12,82,84.26336910496343,82,82.0,0.0,-2.263369104963431
SKU001,2025-10-19,82,81.54585367267293,82,88.0,-6.0,0.4541463273270665
SKU001,2025-10-26,78,80.1659358223558,78,89.0,-11.0,-2.165935822355806
SKU001,2025-11-02,93,83.40816113166422,93,83.0,10.0,9.591838868335785
SKU001,2025-11-09,92,85.23787044001303,92,99.0,-7.0,6.762129559986974
SKU001,2025-11-16,87,87.60698253725609,87,80.0,7.0,-0.6069825372560871
SKU001,2025-11-23,84,88.08867663479512,84,88.0,-4.0,-4.088676634795121
SKU001,2025-11-30,84,85.65684630080393,84,68.0,16.0,-1.6568463008039345
SKU001,2025-12-07,88,83.27461532894972,88,83.0,5.0,4.7253846710502785
SKU001,2025-12-14,89,82.3904864494867,89,94.0,-5.0,6.609513550513299
SKU001,2025-12-21,91,84.29419773168803,91,77.0,14.0,6.70580226831197
SKU001,2025-12-28,76,85.80317596910815,76,105.0,-29.0,-9.803175969108153
SKU002,2025-08-17,70,65.809334744574,70,58.0,12.0,4.190665255425998
SKU002,2025-08-24,70,63.61707583925289,70,46.0,24.0,6.382924160747109
SKU002,2025-08-31,79,64.8861119416568,79,69.0,10.0,14.113888058343207
SKU002,2025-09-07,62,65.9493866274314,62,56.0,6.0,-3.9493866274313945
SKU002,2025-09-14,65,67.3940107621128,65,61.0,4.0,-2.3940107621127993
SKU002,2025-09-21,79,67.35398787824822,79,59.0,20.0,11.646012121751781
SKU002,2025-09-28,60,63.530333689062466,60,63.0,-3.0,-3.5303336890624664
SKU002,2025-10-05,63,66.12646070335708,63,51.0,12.0,-3.1264607033570826
SKU002,2025-10-12,56,64.2366834266184,56,65.0,-9.0,-8.236683426618399
SKU002,2025-10-19,59,61.78831686065856,59,72.0,-13.0,-2.7883168606585613
SKU002,2025-10-26,51,64.03813220093872,51,47.0,4.0,-13.038132200938719
SKU002,2025-11-02,70,60.33378394534697,70,65.0,5.0,9.666216054653027
SKU002,2025-11-09,72,59.37709279329626,72,52.0,20.0,12.622907206703736
SKU002,2025-11-16,60,57.326967471368896,60,67.0,-7.0,2.6730325286311043
SKU002,2025-11-23,64,58.55318681656153,64,66.0,-2.0,5.446813183438472
SKU002,2025-11-30,66,61.97993308756103,66,57.0,9.0,4.0200669124389705
SKU002,2025-12-07,51,60.05098504854503,51,66.0,-15.0,-9.05098504854503
SKU002,2025-12-14,55,61.803306853176,55,57.0,-2.0,-6.803306853175997
SKU002,2025-12-21,55,63.28978350274459,55,59.0,-4.0,-8.28978350274459
SKU002,2025-12-28,51,63.473007662505275,51,65.0,-14.0,-12.473007662505275
SKU003,2025-08-17,39,34.87381518416869,39,37.0,2.0,4.126184815831309
SKU003,2025-08-24,34,36.94004295715383,34,38.0,-4.0,-2.9400429571538282
SKU003,2025-08-31,27,35.033425789869284,27,40.0,-13.0,-8.033425789869284
SKU003,2025-09-07,34,34.60912911010581,34,38.0,-4.0,-0.6091291101058118
SKU003,2025-09-14,42,33.22686953795542,42,30.0,12.0,8.773130462044577
SKU003,2025-09-21,39,33.4571005289784,39,41.0,-2.0,5.542899471021599
SKU003,2025-09-28,42,33.860747057740845,42,32.0,10.0,8.139252942259155
SKU003,2025-10-05,43,35.89742352972956,43,32.0,11.0,7.102576470270442
SKU003,2025-10-12,33,35.78474264035129,33,34.0,-1.0,-2.78474264035129
SKU003,2025-10-19,26,37.59416879648468,26,27.0,-1.0,-11.59416879648468
SKU003,2025-10-26,34,35.64175627352317,34,35.0,-1.0,-1.6417562735231712
SKU003,2025-11-02,41,35.276488081554476,41,17.0,24.0,5.723511918445524
SKU003,2025-11-09,39,36.28942957439768,39,41.0,-2.0,2.71057042560232
SKU003,2025-11-16,37,37.24558864612513,37,38.0,-1.0,-0.2455886461251282
SKU003,2025-11-23,41,36.51672131226986,41,39.0,2.0,4.483278687730142
SKU003,2025-11-30,29,36.974468570125616,29,36.0,-7.0,-7.974468570125616
SKU003,2025-12-07,38,37.32984819457893,38,38.0,0.0,0.6701518054210709
SKU003,2025-12-14,33,34.54589728662208,33,23.0,10.0,-1.545897286622079
SKU003,2025-12-21,23,38.85334136234998,23,48.0,-25.0,-15.85334136234998
SKU003,2025-12-28,34,36.23590538188254,34,30.0,4.0,-2.2359053818825387
SKU004,2025-08-17,26,31.73266409880461,26,30.0,-4.0,-5.732664098804609
SKU004,2025-08-24,18,27.678802794985618,18,29.0,-11.0,-9.678802794985618
SKU004,2025-08-31,36,27.290442095313825,36,22.0,14.0,8.709557904686175
SKU004,2025-09-07,38,29.797941190436642,38,30.0,8.0,8.202058809563358
SKU004,2025-09-14,29,30.606891768249213,29,34.0,-5.0,-1.6068917682492128
SKU004,2025-09-21,26,27.6385667098197,26,29.0,-3.0,-1.638566709819699
SKU004,2025-09-28,28,30.197536215189338,28,26.0,2.0,-2.197536215189338
SKU004,2025-10-05,23,29.532869162754128,23,26.0,-3.0,-6.532869162754128
SKU004,2025-10-12,28,26.984007766428363,28,29.0,-1.0,1.0159922335716374
SKU004,2025-10-19,24,27.802189229803783,24,29.0,-5.0,-3.8021892298037834
SKU004,2025-10-26,24,27.836887895717695,24,26.0,-2.0,-3.8368878957176946
SKU004,2025-11-02,32,27.25264210553735,32,32.0,0.0,4.747357894462649
SKU004,2025-11-09,27,28.224247338003217,27,29.0,-2.0,-1.2242473380032166
SKU004,2025-11-16,31,26.48966295058589,31,26.0,5.0,4.510337049414112
SKU004,2025-11-23,28,27.975968083293022,28,19.0,9.0,0.024031916706977796
SKU004,2025-11-30,22,28.652221529243835,22,24.0,-2.0,-6.652221529243835
SKU004,2025-12-07,28,27.511018360165018,28,30.0,-2.0,0.4889816398349822
SKU004,2025-12-14,39,28.86227366148533,39,33.0,6.0,10.137726338514671
SKU004,2025-12-21,38,31.95445213482279,38,27.0,11.0,6.045547865177209
SKU004,2025-12-28,30,32.856192530733324,30,28.0,2.0,-2.856192530733324
SKU005,2025-08-17,114,100.20319789578639,114,103.0,11.0,13.796802104213612
SKU005,2025-08-24,95,102.83424906807905,95,113.0,-18.0,-7.834249068079046
SKU005,2025-08-31,96,100.71607268657401,96,122.0,-26.0,-4.716072686574009
SKU005,2025-09-07,95,95.13764612474604,95,113.0,-18.0,-0.1376461247460412
SKU005,2025-09-14,96,99.8930817333548,96,104.0,-8.0,-3.893081733354805
SKU005,2025-09-21,89,93.35675056440711,89,95.0,-6.0,-4.356750564407108
SKU005,2025-09-28,108,92.75359465836385,108,108.0,0.0,15.246405341636148
SKU005,2025-10-05,97,93.50003422903103,97,86.0,11.0,3.49996577096897
SKU005,2025-10-12,107,88.23912120913528,107,96.0,11.0,18.760878790864723
SKU005,2025-10-19,105,95.48650362955915,105,92.0,13.0,9.513496370440848
SKU005,2025-10-26,98,96.72590763022968,98,85.0,13.0,1.2740923697703153
SKU005,2025-11-02,104,95.31076863242282,104,109.0,-5.0,8.689231367577179
SKU005,2025-11-09,114,97.46030113329657,114,109.0,5.0,16.539698866703432
SKU005,2025-11-16,102,106.10098901855086,102,123.0,-21.0,-4.100989018550862
SKU005,2025-11-23,115,103.46368145469,115,104.0,11.0,11.536318545309996
SKU005,2025-11-30,100,100.03907645487763,100,79.0,21.0,-0.03907645487763034
SKU005,2025-12-07,96,101.73343142526551,96,95.0,1.0,-5.733431425265508
SKU005,2025-12-14,103,99.35007028818845,103,107.0,-4.0,3.649929711811552
SKU005,2025-12-21,100,102.41633185048082,100,110.0,-10.0,-2.416331850480816
SKU005,2025-12-28,108,97.66263346132821,108,106.0,2.0,10.337366538671787
SKU006,2025-08-17,38,36.28391599124823,38,39.0,-1.0,1.7160840087517713
SKU006,2025-08-24,42,38.69570577518316,42,34.0,8.0,3.304294224816843
SKU006,2025-08-31,36,38.75954895446861,36,55.0,-19.0,-2.759548954468613
SKU006,2025-09-07,43,38.02948370157208,43,33.0,10.0,4.970516298427917
SKU006,2025-09-14,40,37.62613607761693,40,38.0,2.0,2.373863922383073
SKU006,2025-09-21,45,37.121825174896756,45,42.0,3.0,7.878174825103244
SKU006,2025-09-28,48,37.282826729946464,48,40.0,8.0,10.717173270053536
SKU006,2025-10-05,43,36.53182463140707,43,47.0,-4.0,6.468175368592931
SKU006,2025-10-12,38,36.15981486001941,38,38.0,0.0,1.8401851399805906
SKU006,2025-10-19,29,38.6178827725464,29,37.0,-8.0,-9.617882772546402
SKU006,2025-10-26,34,38.91650988841312,34,29.0,5.0,-4.916509888413117
SKU006,2025-11-02,36,37.36365904743895,36,40.0,-4.0,-1.3636590474389507
SKU006,2025-11-09,39,37.13044521170276,39,40.0,-1.0,1.8695547882972434
SKU006,2025-11-16,31,37.42000801692535,31,28.0,3.0,-6.420008016925351
SKU006,2025-11-23,45,38.469391126611406,45,41.0,4.0,6.530608873388594
SKU006,2025-11-30,40,35.47822842891632,40,44.0,-4.0,4.521771571083683
SKU006,2025-12-07,37,39.22043037451972,37,44.0,-7.0,-2.2204303745197222
SKU006,2025-12-14,41,37.750445054555435,41,34.0,7.0,3.249554945444565
SKU006,2025-12-21,41,37.959564535114026,41,44.0,-3.0,3.0404354648859737
SKU006,2025-12-28,43,38.533312583829904,43,48.0,-5.0,4.466687416170096
SKU007,2025-08-17,158,153.6938856107318,158,164.0,-6.0,4.306114389268203
SKU007,2025-08-24,146,147.9611610914072,146,160.0,-14.0,-1.961161091407206
SKU007,2025-08-31,170,150.90796365806037,170,151.0,19.0,19.092036341939632
SKU007,2025-09-07,152,152.34762875626072,152,157.0,-5.0,-0.3476287562607183
SKU007,2025-09-14,153,152.51620383495185,153,174.0,-21.0,0.4837961650481475
SKU007,2025-09-21,162,151.77820142142014,162,151.0,11.0,10.221798578579865
SKU007,2025-09-28,171,154.32360171103772,171,170.0,1.0,16.676398288962275
SKU007,2025-10-05,129,144.37600431003656,129,130.0,-1.0,-15.376004310036564
SKU007,2025-10-12,149,145.71066300266074,149,123.0,26.0,3.2893369973392623
SKU007,2025-10-19,158,150.05805567899804,158,128.0,30.0,7.941944321001955
SKU007,2025-10-26,131,151.72729166019076,131,124.0,7.0,-20.727291660190758
SKU007,2025-11-02,152,144.78483752028836,152,152.0,0.0,7.215162479711637
SKU007,2025-11-09,142,154.1657395026248,142,172.0,-30.0,-12.165739502624803
SKU007,2025-11-16,131,154.70680729161217,131,159.0,-28.0,-23.706807291612165
SKU007,2025-11-23,157,145.1990715698988,157,167.0,-10.0,11.800928430101209
SKU007,2025-11-30,181,152.31693868961145,181,132.0,49.0,28.683061310388553
SKU007,2025-12-07,145,158.39434644250053,145,148.0,-3.0,-13.394346442500535
SKU007,2025-12-14,154,160.05291360128967,154,137.0,17.0,-6.052913601289674
SKU007,2025-12-21,149,150.19185573065784,149,167.0,-18.0,-1.191855730657835
SKU007,2025-12-28,161,154.1601564691173,161,147.0,14.0,6.839843530882689
SKU008,2025-08-17,126,99.30958155770968,126,99.0,27.0,26.690418442290323
SKU008,2025-08-24,89,105.89914169192905,89,113.0,-24.0,-16.899141691929046
SKU008,2025-08-31,101,99.98921611620183,101,107.0,-6.0,1.0107838837981689
SKU008,2025-09-07,92,97.53432492834187,92,115.0,-23.0,-5.534324928341874
SKU008,2025-09-14,90,98.62598777087356,90,93.0,-3.0,-8.625987770873564
SKU008,2025-09-21,87,95.31788885492489,87,101.0,-14.0,-8.317888854924888
SKU008,2025-09-28,93,92.39851123183975,93,107.0,-14.0,0.6014887681602517
SKU008,2025-10-05,98,90.44931795191147,98,89.0,9.0,7.550682048088532
SKU008,2025-10-12,88,90.72298399043811,88,80.0,8.0,-2.7229839904381095
SKU008,2025-10-19,115,92.71621037403843,115,71.0,44.0,22.283789625961575
SKU008,2025-10-26,81,97.81797053970452,81,97.0,-16.0,-16.81797053970452
SKU008,2025-11-02,100,90.14886092049346,100,99.0,1.0,9.851139079506538
SKU008,2025-11-09,112,96.78897684894757,112,97.0,15.0,15.21102315105243
SKU008,2025-11-16,94,101.9572335452379,94,106.0,-12.0,-7.957233545237898
SKU008,2025-11-23,91,97.0347214119341,91,88.0,3.0,-6.0347214119341
SKU008,2025-11-30,117,96.94117788081194,117,108.0,9.0,20.058822119188065
SKU008,2025-12-07,97,103.10020532044204,97,109.0,-12.0,-6.100205320442043
SKU008,2025-12-14,112,96.60309640415545,112,104.0,8.0,15.396903595844549
SKU008,2025-12-21,100,106.84745503209108,100,82.0,18.0,-6.8474550320910765
SKU008,2025-12-28,105,102.64129184311845,105,97.0,8.0,2.358708156881548
SKU009,2025-08-17,61,68.21655345019761,61,70.0,-9.0,-7.216553450197608
SKU009,2025-08-24,69,64.72715236872396,69,59.0,10.0,4.272847631276036
SKU009,2025-08-31,62,63.937052583120675,62,58.0,4.0,-1.9370525831206749
SKU009,2025-09-07,71,65.60523307576828,71,58.0,13.0,5.3947669242317176
SKU009,2025-09-14,87,60.87475391179753,87,56.0,31.0,26.125246088202474
SKU009,2025-09-21,70,67.96366524410378,70,58.0,12.0,2.0363347558962204
SKU009,2025-09-28,69,69.67242935177562,69,67.0,2.0,-0.6724293517756195
SKU009,2025-10-05,58,68.62246153754597,58,42.0,16.0,-10.622461537545973
SKU009,2025-10-12,51,67.49148101835678,51,65.0,-14.0,-16.49148101835678
SKU009,2025-10-19,63,60.503665927484604,63,58.0,5.0,2.4963340725153955
SKU009,2025-10-26,52,63.48937419426613,52,52.0,0.0,-11.489374194266126
SKU009,2025-11-02,78,59.88989825257886,78,66.0,12.0,18.11010174742114
SKU009,2025-11-09,55,59.29981940881006,55,71.0,-16.0,-4.299819408810059
SKU009,2025-11-16,62,58.938622016971145,62,67.0,-5.0,3.061377983028855
SKU009,2025-11-23,63,57.65222582779588,63,60.0,3.0,5.347774172204119
SKU009,2025-11-30,66,57.95417685908502,66,52.0,14.0,8.045823140914983
SKU009,2025-12-07,77,59.24273945473535,77,55.0,22.0,17.75726054526465
SKU009,2025-12-14,82,62.120381895526286,82,71.0,11.0,19.879618104473714
SKU009,2025-12-21,69,72.31706056852362,69,76.0,-7.0,-3.3170605685236154
SKU009,2025-12-28,77,74.76075129823899,77,68.0,9.0,2.2392487017610136
SKU010,2025-08-17,113,105.24906938349564,113,103.0,10.0,7.7509306165043625
SKU010,2025-08-24,100,106.17439613089348,100,99.0,1.0,-6.174396130893484
SKU010,2025-08-31,114,97.82357418622158,114,96.0,18.0,16.176425813778422
SKU010,2025-09-07,104,114.39802056288383,104,92.0,12.0,-10.39802056288383
SKU010,2025-09-14,92,97.35468915973854,92,116.0,-24.0,-5.354689159738541
SKU010,2025-09-21,114,99.49597698253865,114,115.0,-1.0,14.50402301746135
SKU010,2025-09-28,100,104.29425460889121,100,128.0,-28.0,-4.294254608891208
SKU010,2025-10-05,79,99.90792269913345,79,122.0,-43.0,-20.90792269913345
SKU010,2025-10-12,83,92.02595775220102,83,79.0,4.0,-9.025957752201023
SKU010,2025-10-19,96,91.3826526069913,96,74.0,22.0,4.6173473930087
SKU010,2025-10-26,86,90.5478778942019,86,92.0,-6.0,-4.547877894201903
SKU010,2025-11-02,120,93.92742922783202,120,109.0,11.0,26.07257077216798
SKU010,2025-11-09,91,103.08705741652243,91,100.0,-9.0,-12.087057416522427
SKU010,2025-11-16,105,99.33352589331258,105,113.0,-8.0,5.666474106687417
SKU010,2025-11-23,102,98.5852273084209,102,121.0,-19.0,3.4147726915791026
SKU010,2025-11-30,104,99.73318734012327,104,93.0,11.0,4.266812659876734
SKU010,2025-12-07,126,99.29253360875245,126,99.0,27.0,26.70746639124755
SKU010,2025-12-14,108,104.3052833510023,108,106.0,2.0,3.694716648997698
SKU010,2025-12-21,102,99.99896481811881,102,109.0,-7.0,2.0010351818811927
SKU010,2025-12-28,102,100.95393202872228,102,109.0,-7.0,1.046067971277722
SKU011,2025-08-17,14,17.566802462470804,14,17.0,-3.0,-3.566802462470804
SKU011,2025-08-24,24,18.132566258829733,24,9.0,15.0,5.867433741170267
SKU011,2025-08-31,11,18.27096003502508,11,17.0,-6.0,-7.27096003502508
SKU011,2025-09-07,16,16.203080914343886,16,18.0,-2.0,-0.20308091434388587
SKU011,2025-09-14,16,18.12432579401871,16,22.0,-6.0,-2.1243257940187092
SKU011,2025-09-21,16,15.651852869832858,16,15.0,1.0,0.34814713016714194
SKU011,2025-09-28,11,15.322914843771922,11,18.0,-7.0,-4.3229148437719225
SKU011,2025-10-05,28,14.454968142968147,28,11.0,17.0,13.545031857031853
SKU011,2025-10-12,16,18.020366581564726,16,16.0,0.0,-2.0203665815647263
SKU011,2025-10-19,11,19.816467707064383,11,13.0,-2.0,-8.816467707064383
SKU011,2025-10-26,18,17.5180336480289,18,9.0,9.0,0.48196635197109927
SKU011,2025-11-02,19,16.81088458712128,19,15.0,4.0,2.1891154128787207
SKU011,2025-11-09,19,19.991034150229165,19,11.0,8.0,-0.9910341502291651
SKU011,2025-11-16,25,19.90674336794003,25,16.0,9.0,5.093256632059969
SKU011,2025-11-23,9,17.450376917934054,9,25.0,-16.0,-8.450376917934054
SKU011,2025-11-30,15,18.27621193482764,15,22.0,-7.0,-3.2762119348276393
SKU011,2025-12-07,17,16.658464246009277,17,25.0,-8.0,0.34153575399072267
SKU011,2025-12-14,23,16.710833628818072,23,15.0,8.0,6.289166371181928
SKU011,2025-12-21,18,19.89329765738899,18,20.0,-2.0,-1.8932976573889917
SKU011,2025-12-28,22,19.029539566782752,22,17.0,5.0,2.970460433217248
SKU012,2025-08-17,177,153.58482943694258,177,154.0,23.0,23.415170563057416
SKU012,2025-08-24,178,150.08963284254764,178,169.0,9.0,27.910367157452356
SKU012,2025-08-31,171,155.51427148669435,171,176.0,-5.0,15.485728513305645
SKU012,2025-09-07,180,159.60035513748147,180,151.0,29.0,20.399644862518528
SKU012,2025-09-14,160,157.38219609797488,160,167.0,-7.0,2.6178039020251163
SKU012,2025-09-21,171,159.67154202441336,171,163.0,8.0,11.328457975586645
SKU012,2025-09-28,150,161.33928820445072,150,174.0,-24.0,-11.339288204450725
SKU012,2025-10-05,136,154.53833229962194,136,144.0,-8.0,-18.538332299621942
SKU012,2025-10-12,140,150.28960529669223,140,144.0,-4.0,-10.28960529669223
SKU012,2025-10-19,128,151.4607113053836,128,144.0,-16.0,-23.460711305383597
SKU012,2025-10-26,141,136.8541685008577,141,140.0,1.0,4.145831499142304
SKU012,2025-11-02,151,147.83063523835898,151,183.0,-32.0,3.1693647616410203
SKU012,2025-11-09,155,147.7149784614778,155,156.0,-1.0,7.285021538522187
SKU012,2025-11-16,163,152.48694113489742,163,179.0,-16.0,10.513058865102579
SKU012,2025-11-23,155,155.85269314648485,155,177.0,-22.0,-0.8526931464848531
SKU012,2025-11-30,161,153.18095313556597,161,170.0,-9.0,7.8190468644340285
SKU012,2025-12-07,167,152.64762099994905,167,147.0,20.0,14.352379000050945
SKU012,2025-12-14,155,152.58811528193027,155,184.0,-29.0,2.4118847180697287
SKU012,2025-12-21,171,162.1665561943961,171,161.0,10.0,8.833443805603906
SKU012,2025-12-28,150,156.21051734816453,150,161.0,-11.0,-6.2105173481645295
SKU013,2025-08-17,106,88.52137125153864,106,71.0,35.0,17.47862874846136
SKU013,2025-08-24,96,92.32112056595707,96,91.0,5.0,3.6788794340429263
SKU013,2025-08-31,84,87.29499061896315,84,86.0,-2.0,-3.294990618963155
SKU013,2025-09-07,99,90.12604172714265,99,98.0,1.0,8.873958272857351
SKU013,2025-09-14,105,86.27767592382556,105,101.0,4.0,18.722324076174445
SKU013,2025-09-21,82,87.7234389801437,82,84.0,-2.0,-5.723438980143698
SKU013,2025-09-28,82,87.76317750781944,82,99.0,-17.0,-5.763177507819435
SKU013,2025-10-05,96,86.71922408911435,96,68.0,28.0,9.280775910885652
SKU013,2025-10-12,87,87.63265304276833,87,75.0,12.0,-0.6326530427683252
SKU013,2025-10-19,61,91.15262800197264,61,80.0,-19.0,-30.152628001972644
SKU013,2025-10-26,69,80.34195718082321,69,64.0,5.0,-11.341957180823215
SKU013,2025-11-02,79,83.8387712506682,79,93.0,-14.0,-4.838771250668202
SKU013,2025-11-09,84,78.96310857049002,84,72.0,12.0,5.0368914295099785
SKU013,2025-11-16,89,79.68220120164334,89,96.0,-7.0,9.317798798356662
SKU013,2025-11-23,80,85.30223819394207,80,101.0,-21.0,-5.302238193942074
SKU013,2025-11-30,95,87.93287092134898,95,81.0,14.0,7.067129078651021
SKU013,2025-12-07,78,86.21687306673016,78,95.0,-17.0,-8.216873066730159
SKU013,2025-12-14,107,84.78936051513953,107,94.0,13.0,22.210639484860465
SKU013,2025-12-21,96,90.68891889138716,96,84.0,12.0,5.311081108612839
SKU013,2025-12-28,71,89.86557270037993,71,83.0,-12.0,-18.86557270037993
SKU014,2025-08-17,123,129.47833324065024,123,123.0,0.0,-6.478333240650244
SKU014,2025-08-24,131,121.34049977518747,131,129.0,2.0,9.659500224812533
SKU014,2025-08-31,157,116.95412252421131,157,135.0,22.0,40.045877475788686
SKU014,2025-09-07,127,140.31555786196208,127,146.0,-19.0,-13.315557861962077
SKU014,2025-09-14,151,134.9923677469075,151,145.0,6.0,16.00763225309251
SKU014,2025-09-21,140,135.47221111379437,140,137.0,3.0,4.527788886205627
SKU014,2025-09-28,132,130.99112815549387,132,151.0,-19.0,1.0088718445061318
SKU014,2025-10-05,123,133.2172797495939,123,97.0,26.0,-10.2172797495939
SKU014,2025-10-12,122,130.22374020946867,122,126.0,-4.0,-8.223740209468673
SKU014,2025-10-19,120,128.12852293600804,120,123.0,-3.0,-8.12852293600804
SKU014,2025-10-26,133,123.09866999672577,133,128.0,5.0,9.901330003274225
SKU014,2025-11-02,127,127.72502801896233,127,132.0,-5.0,-0.7250280189623339
SKU014,2025-11-09,117,133.1948866859747,117,130.0,-13.0,-16.194886685974694
SKU014,2025-11-16,130,133.3253964517399,130,124.0,6.0,-3.3253964517398913
SKU014,2025-11-23,130,129.58276952581232,130,152.0,-22.0,0.4172304741876758
SKU014,2025-11-30,151,132.08426840344129,151,142.0,9.0,18.915731596558715
SKU014,2025-12-07,124,137.7308694700576,124,128.0,-4.0,-13.730869470057598
SKU014,2025-12-14,137,132.63224692121767,137,135.0,2.0,4.367753078782329
SKU014,2025-12-21,116,135.9271448777081,116,141.0,-25.0,-19.927144877708088
SKU014,2025-12-28,122,135.0127813452851,122,135.0,-13.0,-13.012781345285106
SKU015,2025-08-17,27,23.721605245638585,27,24.0,3.0,3.2783947543614147
SKU015,2025-08-24,26,23.40858177487911,26,25.0,1.0,2.59141822512089
SKU015,2025-08-31,28,23.56157389127473,28,28.0,0.0,4.43842610872527
SKU015,2025-09-07,28,24.263422396070393,28,25.0,3.0,3.7365776039296072
SKU015,2025-09-14,24,26.078228331027823,24,26.0,-2.0,-2.078228331027823
SKU015,2025-09-21,23,24.127271084481983,23,21.0,2.0,-1.1272710844819827
SKU015,2025-09-28,28,23.176973175520576,28,20.0,8.0,4.823026824479424
SKU015,2025-10-05,19,25.39763288324512,19,34.0,-15.0,-6.3976328832451195
SKU015,2025-10-12,16,27.2188864137853,16,29.0,-13.0,-11.218886413785299
SKU015,2025-10-19,21,17.263959797342764,21,22.0,-1.0,3.736040202657236
SKU015,2025-10-26,21,17.955388357092144,21,24.0,-3.0,3.0446116429078565
SKU015,2025-11-02,17,18.45353514634943,17,25.0,-8.0,-1.4535351463494308
SKU015,2025-11-09,13,19.669713054837878,13,25.0,-12.0,-6.669713054837878
SKU015,2025-11-16,24,15.10902686281555,24,19.0,5.0,8.89097313718445
SKU015,2025-11-23,24,17.344718978514454,24,34.0,-10.0,6.655281021485546
SKU015,2025-11-30,31,19.89196881031239,31,22.0,9.0,11.108031189687608
SKU015,2025-12-07,22,24.09758822550906,22,29.0,-7.0,-2.0975882255090603
SKU015,2025-12-14,31,25.442847301418855,31,21.0,10.0,5.557152698581145
SKU015,2025-12-21,21,25.37166038686311,21,26.0,-5.0,-4.371660386863109
SKU015,2025-12-28,27,24.43476078972304,27,32.0,-5.0,2.5652392102769603
SKU016,2025-08-17,85,89.94919554168037,85,96.0,-11.0,-4.949195541680368
SKU016,2025-08-24,90,88.5451011315445,90,78.0,12.0,1.4548988684555013
SKU016,2025-08-31,85,89.56964937540212,85,98.0,-13.0,-4.569649375402122
SKU016,2025-09-07,66,90.80023682378447,66,94.0,-28.0,-24.800236823784473
SKU016,2025-09-14,78,81.4098170279966,78,77.0,1.0,-3.4098170279965956
SKU016,2025-09-21,76,82.24133246644278,76,90.0,-14.0,-6.241332466442785
SKU016,2025-09-28,78,79.6898778343147,78,89.0,-11.0,-1.6898778343147
SKU016,2025-10-05,72,78.56318108218085,72,71.0,1.0,-6.563181082180847
SKU016,2025-10-12,84,77.00444522154326,84,85.0,-1.0,6.995554778456736
SKU016,2025-10-19,86,80.10967319346031,86,84.0,2.0,5.89032680653969
SKU016,2025-10-26,73,76.43426934026994,73,82.0,-9.0,-3.4342693402699354
SKU016,2025-11-02,109,79.19124616631892,109,98.0,11.0,29.80875383368108
SKU016,2025-11-09,92,85.9743259787257,92,84.0,8.0,6.025674021274298
SKU016,2025-11-16,95,93.28213533863735,95,104.0,-9.0,1.717864661362654
SKU016,2025-11-23,75,92.44939208089069,75,94.0,-19.0,-17.44939208089069
SKU016,2025-11-30,71,88.53072353341815,71,97.0,-26.0,-17.530723533418154
SKU016,2025-12-07,77,80.8011542977601,77,83.0,-6.0,-3.8011542977601067
SKU016,2025-12-14,78,81.99207967085977,78,71.0,7.0,-3.9920796708597663
SKU016,2025-12-21,74,86.61278975734227,74,82.0,-8.0,-12.61278975734227
SKU016,2025-12-28,104,88.40550380632635,104,75.0,29.0,15.594496193673649
SKU017,2025-08-17,85,87.53455018988244,85,94.0,-9.0,-2.534550189882438
SKU017,2025-08-24,85,89.0744776768939,85,95.0,-10.0,-4.074477676893906
SKU017,2025-08-31,78,81.40937792458902,78,85.0,-7.0,-3.4093779245890232
SKU017,2025-09-07,71,83.27435496504522,71,98.0,-27.0,-12.27435496504522
SKU017,2025-09-14,77,79.27498937745278,77,88.0,-11.0,-2.2749893774527834
SKU017,2025-09-21,83,78.49253360696866,83,88.0,-5.0,4.507466393031336
SKU017,2025-09-28,90,81.26938738853302,90,101.0,-11.0,8.73061261146698
SKU017,2025-10-05,75,81.33686852450592,75,60.0,15.0,-6.336868524505917
SKU017,2025-10-12,76,79.59303502323554,76,67.0,9.0,-3.5930350232355437
SKU017,2025-10-19,84,78.15691886390579,84,100.0,-16.0,5.843081136094213
SKU017,2025-10-26,61,77.77207094674755,61,82.0,-21.0,-16.772070946747547
SKU017,2025-11-02,83,78.1362556915219,83,90.0,-7.0,4.863744308478104
SKU017,2025-11-09,103,80.6156876001105,103,95.0,8.0,22.384312399889495
SKU017,2025-11-16,88,84.32964701902871,88,86.0,2.0,3.6703529809712876
SKU017,2025-11-23,87,91.52845363215532,87,97.0,-10.0,-4.528453632155319
SKU017,2025-11-30,90,87.8017268406478,90,82.0,8.0,2.1982731593521976
SKU017,2025-12-07,105,87.64715806135413,105,81.0,24.0,17.352841938645867
SKU017,2025-12-14,96,90.1226677194032,96,88.0,8.0,5.877332280596804
SKU017,2025-12-21,81,89.63958904345239,81,80.0,1.0,-8.63958904345239
SKU017,2025-12-28,98,92.1595606308315,98,94.0,4.0,5.840439369168493
SKU018,2025-08-17,146,150.66211107160876,146,167.0,-21.0,-4.662111071608763
SKU018,2025-08-24,151,148.03264689386867,151,169.0,-18.0,2.967353106131327
SKU018,2025-08-31,161,149.07272082751214,161,171.0,-10.0,11.927279172487857
SKU018,2025-09-07,150,152.51866774546755,150,158.0,-8.0,-2.5186677454675532
SKU018,2025-09-14,155,160.86392761984817,155,158.0,-3.0,-5.86392761984817
SKU018,2025-09-21,148,161.2820242273599,148,163.0,-15.0,-13.282024227359898
SKU018,2025-09-28,146,161.44270710555358,146,169.0,-23.0,-15.44270710555358
SKU018,2025-10-05,138,148.73093955557192,138,134.0,4.0,-10.730939555571922
SKU018,2025-10-12,154,145.3061751461397,154,153.0,1.0,8.693824853860292
SKU018,2025-10-19,141,145.4853846181443,141,140.0,1.0,-4.485384618144309
SKU018,2025-10-26,135,140.6177884754468,135,159.0,-24.0,-5.617788475446787
SKU018,2025-11-02,166,148.07399934438772,166,170.0,-4.0,17.926000655612285
SKU018,2025-11-09,157,151.1279306290819,157,162.0,-5.0,5.872069370918098
SKU018,2025-11-16,142,155.08135209061692,142,150.0,-8.0,-13.081352090616917
SKU018,2025-11-23,150,156.44727106326323,150,153.0,-3.0,-6.44727106326323
SKU018,2025-11-30,152,152.34993715035213,152,143.0,9.0,-0.34993715035213313
SKU018,2025-12-07,158,155.7742607342594,158,182.0,-24.0,2.2257392657406
SKU018,2025-12-14,162,154.20240861913152,162,150.0,12.0,7.797591380868482
SKU018,2025-12-21,160,153.11998000440153,160,172.0,-12.0,6.880019995598474
SKU018,2025-12-28,161,159.7537356707477,161,154.0,7.0,1.2462643292523126
SKU019,2025-08-17,106,101.16314230821231,106,93.0,13.0,4.836857691787685
SKU019,2025-08-24,109,100.17551781451171,109,104.0,5.0,8.824482185488293
SKU019,2025-08-31,93,97.35894196251554,93,102.0,-9.0,-4.358941962515544
SKU019,2025-09-07,103,96.33854440336387,103,104.0,-1.0,6.661455596636131
SKU019,2025-09-14,76,99.9041163045738,76,108.0,-32.0,-23.904116304573805
SKU019,2025-09-21,100,89.44835145125933,100,80.0,20.0,10.551648548740673
SKU019,2025-09-28,105,93.3842527685288,105,97.0,8.0,11.615747231471204
SKU019,2025-10-05,83,89.53522428877753,83,81.0,2.0,-6.535224288777528
SKU019,2025-10-12,92,86.96573916469951,92,93.0,-1.0,5.034260835300486
SKU019,2025-10-19,96,86.57216378032811,96,85.0,11.0,9.427836219671889
SKU019,2025-10-26,84,87.48707570644306,84,86.0,-2.0,-3.487075706443065
SKU019,2025-11-02,91,93.50139621888762,91,98.0,-7.0,-2.5013962188876206
SKU019,2025-11-09,103,95.92571246964933,103,95.0,8.0,7.074287530350674
SKU019,2025-11-16,112,96.85873545706804,112,112.0,0.0,15.141264542931964
SKU019,2025-11-23,110,104.80957475255624,110,113.0,-3.0,5.1904252474437556
SKU019,2025-11-30,88,107.40490570114234,88,110.0,-22.0,-19.40490570114234
SKU019,2025-12-07,103,99.3047763696476,103,120.0,-17.0,3.6952236303524018
SKU019,2025-12-14,96,100.197111354245,96,97.0,-1.0,-4.197111354244996
SKU019,2025-12-21,107,98.5981603233988,107,106.0,1.0,8.401839676601199
SKU019,2025-12-28,104,104.2563445623122,104,86.0,18.0,-0.2563445623121936
SKU020,2025-08-17,87,89.24527529371927,87,96.0,-9.0,-2.245275293719274
SKU020,2025-08-24,99,88.97811355179456,99,95.0,4.0,10.021886448205436
SKU020,2025-08-31,74,90.49932206498393,74,102.0,-28.0,-16.49932206498393
SKU020,2025-09-07,97,86.20233726757414,97,84.0,13.0,10.797662732425863
SKU020,2025-09-14,91,89.07348444815621,91,69.0,22.0,1.9265155518437922
SKU020,2025-09-21,79,84.86484815827966,79,83.0,-4.0,-5.864848158279656
SKU020,2025-09-28,86,84.98697006485183,86,80.0,6.0,1.0130299351481682
SKU020,2025-10-05,75,82.24444042662797,75,77.0,-2.0,-7.244440426627975
SKU020,2025-10-12,107,78.0647681487538,107,83.0,24.0,28.9352318512462
SKU020,2025-10-19,74,88.02241119982307,74,92.0,-18.0,-14.022411199823068
SKU020,2025-10-26,88,84.86136932491519,88,83.0,5.0,3.138630675084812
SKU020,2025-11-02,101,85.7833175163299,101,71.0,30.0,15.216682483670098
SKU020,2025-11-09,78,89.42643400067593,78,81.0,-3.0,-11.426434000675926
SKU020,2025-11-16,92,90.34837586071572,92,87.0,5.0,1.65162413928428
SKU020,2025-11-23,81,87.29612125840919,81,69.0,12.0,-6.296121258409187
SKU020,2025-11-30,97,83.49214908450223,97,84.0,13.0,13.50785091549777
SKU020,2025-12-07,85,87.22315930680196,85,88.0,-3.0,-2.2231593068019606
SKU020,2025-12-14,82,84.93488867140336,82,80.0,2.0,-2.934888671403357
SKU020,2025-12-21,74,84.54272541493664,74,81.0,-7.0,-10.54272541493664
SKU020,2025-12-28,99,79.89875953153194,99,87.0,12.0,19.101240468468063
SKU021,2025-08-17,54,56.36157610415892,54,68.0,-14.0,-2.361576104158921
SKU021,2025-08-24,60,56.369708850911984,60,59.0,1.0,3.6302911490880163
SKU021,2025-08-31,43,56.025092906748654,43,53.0,-10.0,-13.025092906748654
SKU021,2025-09-07,47,53.59472912164217,47,52.0,-5.0,-6.5947291216421675
SKU021,2025-09-14,55,53.78922586927437,55,55.0,0.0,1.210774130725632
SKU021,2025-09-21,55,53.946183526289204,55,48.0,7.0,1.0538164737107962
SKU021,2025-09-28,53,54.07212770351541,53,61.0,-8.0,-1.072127703515413
SKU021,2025-10-05,35,57.70644834101816,35,50.0,-15.0,-22.70644834101816
SKU021,2025-10-12,48,47.722748742005585,48,39.0,9.0,0.27725125799441486
SKU021,2025-10-19,65,48.65669561848164,65,43.0,22.0,16.343304381518358
SKU021,2025-10-26,44,50.74504040516778,44,55.0,-11.0,-6.745040405167778
SKU021,2025-11-02,58,49.02785336069124,58,58.0,0.0,8.972146639308761
SKU021,2025-11-09,46,55.24957639346504,46,58.0,-12.0,-9.249576393465041
SKU021,2025-11-16,45,54.46337806962329,45,63.0,-18.0,-9.463378069623289
SKU021,2025-11-23,43,46.58097551865797,43,54.0,-11.0,-3.580975518657972
SKU021,2025-11-30,47,46.28702647127441,47,37.0,10.0,0.7129735287255912
SKU021,2025-12-07,52,39.879390644431254,52,55.0,-3.0,12.120609355568746
SKU021,2025-12-14,59,49.98598426872386,59,63.0,-4.0,9.014015731276139
SKU021,2025-12-21,47,52.04290399328228,47,50.0,-3.0,-5.04290399328228
SKU021,2025-12-28,50,51.09908807165761,50,54.0,-4.0,-1.0990880716576115
SKU022,2025-08-17,64,64.51054691805204,64,56.0,8.0,-0.510546918052043
SKU022,2025-08-24,69,63.689607350341724,69,68.0,1.0,5.310392649658276
SKU022,2025-08-31,49,66.16333721738205,49,66.0,-17.0,-17.16333721738205
SKU022,2025-09-07,55,62.3132870076096,55,64.0,-9.0,-7.313287007609603
SKU022,2025-09-14,67,59.09145222215584,67,59.0,8.0,7.908547777844163
SKU022,2025-09-21,60,57.588449392699964,60,66.0,-6.0,2.411550607300036
SKU022,2025-09-28,61,56.10016495714599,61,72.0,-11.0,4.899835042854008
SKU022,2025-10-05,50,55.21950804895302,50,53.0,-3.0,-5.219508048953017
SKU022,2025-10-12,54,60.39713874052666,54,55.0,-1.0,-6.397138740526657
SKU022,2025-10-19,58,56.69437223873987,58,52.0,6.0,1.3056277612601335
SKU022,2025-10-26,51,53.7336741946047,51,47.0,4.0,-2.7336741946047027
SKU022,2025-11-02,62,58.03139702352193,62,56.0,6.0,3.968602976478067
SKU022,2025-11-09,44,56.95810361788503,44,54.0,-10.0,-12.95810361788503
SKU022,2025-11-16,78,51.53342477946669,78,69.0,9.0,26.466575220533308
SKU022,2025-11-23,53,58.8018352169068,53,64.0,-11.0,-5.801835216906802
SKU022,2025-11-30,69,56.67366192200104,69,61.0,8.0,12.326338077998962
SKU022,2025-12-07,70,60.511229158694924,70,62.0,8.0,9.488770841305076
SKU022,2025-12-14,60,64.25998430281375,60,70.0,-10.0,-4.2599843028137485
SKU022,2025-12-21,62,61.02819812329537,62,46.0,16.0,0.9718018767046317
SKU022,2025-12-28,84,61.32245963443577,84,59.0,25.0,22.677540365564226
SKU023,2025-08-17,102,100.20846606639718,102,82.0,20.0,1.791533933602821
SKU023,2025-08-24,95,92.91673434575462,95,99.0,-4.0,2.0832656542453805
SKU023,2025-08-31,82,92.43681227504686,82,85.0,-3.0,-10.436812275046861
SKU023,2025-09-07,76,89.59573795331966,76,88.0,-12.0,-13.595737953319656
SKU023,2025-09-14,53,88.243811502202,53,87.0,-34.0,-35.24381150220201
SKU023,2025-09-21,111,85.4114647419523,111,85.0,26.0,25.5885352580477
SKU023,2025-09-28,90,90.15132368332408,90,89.0,1.0,-0.15132368332407964
SKU023,2025-10-05,89,87.6254946761065,89,76.0,13.0,1.3745053238935014
SKU023,2025-10-12,80,88.24930819674492,80,67.0,13.0,-8.24930819674492
SKU023,2025-10-19,74,86.5940741788437,74,74.0,0.0,-12.594074178843698
SKU023,2025-10-26,91,80.0163054426838,91,84.0,7.0,10.983694557316198
SKU023,2025-11-02,84,83.82134070614175,84,86.0,-2.0,0.17865929385824586
SKU023,2025-11-09,91,88.81338307278168,91,85.0,6.0,2.1866169272183242
SKU023,2025-11-16,88,88.12274854541398,88,94.0,-6.0,-0.12274854541398383
SKU023,2025-11-23,88,86.42497225240595,88,98.0,-10.0,1.5750277475940493
SKU023,2025-11-30,90,85.52523728195584,90,111.0,-21.0,4.474762718044161
SKU023,2025-12-07,97,85.828475299151,97,104.0,-7.0,11.171524700849005
SKU023,2025-12-14,98,91.92995630157901,98,80.0,18.0,6.070043698420989
SKU023,2025-12-21,96,94.06066310494717,96,90.0,6.0,1.9393368950528327
SKU023,2025-12-28,99,94.12979124667822,99,99.0,0.0,4.870208753321776
SKU024,2025-08-17,83,86.45023550595769,83,86.0,-3.0,-3.450235505957693
SKU024,2025-08-24,69,82.0281356427181,69,100.0,-31.0,-13.028135642718098
SKU024,2025-08-31,93,71.46583704397509,93,88.0,5.0,21.534162956024915
SKU024,2025-09-07,104,80.74696267546912,104,84.0,20.0,23.25303732453088
SKU024,2025-09-14,79,84.68832827265747,79,83.0,-4.0,-5.688328272657472
SKU024,2025-09-21,84,89.02000234570492,84,72.0,12.0,-5.020002345704924
SKU024,2025-09-28,80,84.95070467202238,80,85.0,-5.0,-4.950704672022383
SKU024,2025-10-05,69,80.07349265853335,69,83.0,-14.0,-11.073492658533354
SKU024,2025-10-12,65,77.99592848230105,65,66.0,-1.0,-12.995928482301053
SKU024,2025-10-19,75,74.47636879335032,75,72.0,3.0,0.5236312066496822
SKU024,2025-10-26,82,75.90310724455287,82,62.0,20.0,6.096892755447129
SKU024,2025-11-02,83,80.950646614544,83,86.0,-3.0,2.0493533854560013
SKU024,2025-11-09,82,77.02722629224621,82,78.0,4.0,4.972773707753788
SKU024,2025-11-16,82,79.73739114811505,82,72.0,10.0,2.2626088518849485
SKU024,2025-11-23,80,78.64936101950282,80,74.0,6.0,1.3506389804971803
SKU024,2025-11-30,76,78.03007911622092,76,65.0,11.0,-2.030079116220918
SKU024,2025-12-07,93,77.60363479621509,93,76.0,17.0,15.39636520378491
SKU024,2025-12-14,72,82.62608714788547,72,101.0,-29.0,-10.626087147885471
SKU024,2025-12-21,85,81.652045841646,85,75.0,10.0,3.347954158354
SKU024,2025-12-28,71,82.94504537568852,71,71.0,0.0,-11.945045375688522
SKU025,2025-08-17,13,16.326051608417032,13,17.0,-4.0,-3.326051608417032
SKU025,2025-08-24,18,16.403599017231276,18,19.0,-1.0,1.5964009827687242
SKU025,2025-08-31,22,17.65968924932582,22,26.0,-4.0,4.340310750674181
SKU025,2025-09-07,17,20.807638007506355,17,16.0,1.0,-3.8076380075063554
SKU025,2025-09-14,16,19.36870988971297,16,17.0,-1.0,-3.368709889712971
SKU025,2025-09-21,16,17.138148724873467,16,15.0,1.0,-1.1381487248734672
SKU025,2025-09-28,21,15.151881134324746,21,12.0,9.0,5.848118865675254
SKU025,2025-10-05,12,20.349716817985453,12,14.0,-2.0,-8.349716817985453
SKU025,2025-10-12,13,18.576984108746544,13,20.0,-7.0,-5.576984108746544
SKU025,2025-10-19,17,18.47912367350678,17,26.0,-9.0,-1.4791236735067805
SKU025,2025-10-26,17,16.50804273325504,17,16.0,1.0,0.49195726674496143
SKU025,2025-11-02,20,17.457548966310906,20,21.0,-1.0,2.542451033689094
SKU025,2025-11-09,18,20.643464406583306,18,18.0,0.0,-2.6434644065833055
SKU025,2025-11-16,18,22.643164296036772,18,17.0,1.0,-4.6431642960367725
SKU025,2025-11-23,12,22.99977690374497,12,26.0,-14.0,-10.99977690374497
SKU025,2025-11-30,9,17.023658327727897,9,5.0,4.0,-8.023658327727897
SKU025,2025-12-07,18,17.482006612600603,18,22.0,-4.0,0.5179933873993967
SKU025,2025-12-14,13,18.565811699771498,13,24.0,-11.0,-5.565811699771498
SKU025,2025-12-21,14,18.30756070660738,14,22.0,-8.0,-4.307560706607379
SKU025,2025-12-28,16,18.20875368341129,16,16.0,0.0,-2.2087536834112917
SKU026,2025-08-17,128,145.58951097564955,128,138.0,-10.0,-17.589510975649546
SKU026,2025-08-24,123,144.11380306391632,123,144.0,-21.0,-21.113803063916322
SKU026,2025-08-31,129,128.52068721843426,129,129.0,0.0,0.47931278156573853
SKU026,2025-09-07,153,135.65191990048248,153,146.0,7.0,17.348080099517517
SKU026,2025-09-14,124,142.97150152603464,124,143.0,-19.0,-18.971501526034643
SKU026,2025-09-21,138,133.6474038720665,138,120.0,18.0,4.352596127933509
SKU026,2025-09-28,132,135.37146511627688,132,129.0,3.0,-3.3714651162768803
SKU026,2025-10-05,114,130.835218532397,114,131.0,-17.0,-16.835218532396993
SKU026,2025-10-12,135,121.2072274627371,135,145.0,-10.0,13.792772537262906
SKU026,2025-10-19,138,127.19921986324245,138,141.0,-3.0,10.800780136757552
SKU026,2025-10-26,124,130.21647138398424,124,137.0,-13.0,-6.216471383984242
SKU026,2025-11-02,141,134.36283804326678,141,130.0,11.0,6.637161956733223
SKU026,2025-11-09,127,136.6875375827767,127,127.0,0.0,-9.687537582776713
SKU026,2025-11-16,130,137.0903835134159,130,156.0,-26.0,-7.090383513415901
SKU026,2025-11-23,128,134.51051411793156,128,124.0,4.0,-6.510514117931564
SKU026,2025-11-30,126,138.11595495099183,126,116.0,10.0,-12.115954950991835
SKU026,2025-12-07,157,140.7795005514701,157,162.0,-5.0,16.220499448529893
SKU026,2025-12-14,128,139.51511213571598,128,148.0,-20.0,-11.515112135715981
SKU026,2025-12-21,156,133.03232125570514,156,131.0,25.0,22.967678744294858
SKU026,2025-12-28,135,142.89739727154154,135,145.0,-10.0,-7.897397271541536
SKU027,2025-08-17,146,143.65982686807303,146,158.0,-12.0,2.3401731319269743
SKU027,2025-08-24,145,140.49483725917,145,165.0,-20.0,4.505162740830002
SKU027,2025-08-31,138,135.89638936573138,138,154.0,-16.0,2.1036106342686196
SKU027,2025-09-07,167,139.71281719727526,167,127.0,40.0,27.287182802724743
SKU027,2025-09-14,143,146.3748593545541,143,134.0,9.0,-3.374859354554104
SKU027,2025-09-21,158,147.27051683862223,158,143.0,15.0,10.729483161377772
SKU027,2025-09-28,150,147.82477889103538,150,156.0,-6.0,2.175221108964621
SKU027,2025-10-05,151,147.37717597434545,151,126.0,25.0,3.622824025654552
SKU027,2025-10-12,149,148.64275279236563,149,126.0,23.0,0.3572472076343729
SKU027,2025-10-19,127,153.46072378217244,127,121.0,6.0,-26.460723782172437
SKU027,2025-10-26,130,137.5655012186949,130,151.0,-21.0,-7.565501218694891
SKU027,2025-11-02,136,143.9444976461873,136,138.0,-2.0,-7.944497646187301
SKU027,2025-11-09,147,145.9313900925786,147,143.0,4.0,1.0686099074214042
SKU027,2025-11-16,149,145.98126160044393,149,153.0,-4.0,3.018738399556071
SKU027,2025-11-23,163,144.7198856951802,163,163.0,0.0,18.28011430481979
SKU027,2025-11-30,162,155.44403471379658,162,152.0,10.0,6.555965286203417
SKU027,2025-12-07,153,152.82590394055413,153,153.0,0.0,0.1740960594458727
SKU027,2025-12-14,161,146.25764130255976,161,154.0,7.0,14.742358697440238
SKU027,2025-12-21,182,150.5763468430724,182,133.0,49.0,31.4236531569276
SKU027,2025-12-28,144,153.42018168305037,144,172.0,-28.0,-9.420181683050373
SKU028,2025-08-17,31,34.61025744297597,31,31.0,0.0,-3.6102574429759713
SKU028,2025-08-24,27,35.07986813644237,27,37.0,-10.0,-8.079868136442371
SKU028,2025-08-31,45,33.87421679329573,45,31.0,14.0,11.12578320670427
SKU028,2025-09-07,35,34.545625227425546,35,41.0,-6.0,0.4543747725744538
SKU028,2025-09-14,36,34.692758391990346,36,26.0,10.0,1.3072416080096545
SKU028,2025-09-21,34,34.495889289813306,34,44.0,-10.0,-0.4958892898133058
SKU028,2025-09-28,30,35.52136075869154,30,25.0,5.0,-5.521360758691543
SKU028,2025-10-05,18,35.12718243741265,18,36.0,-18.0,-17.12718243741265
SKU028,2025-10-12,31,32.84123333063584,31,29.0,2.0,-1.8412333306358377
SKU028,2025-10-19,32,33.785478349358684,32,34.0,-2.0,-1.7854783493586837
SKU028,2025-10-26,30,31.952841114008162,30,26.0,4.0,-1.9528411140081623
SKU028,2025-11-02,31,31.23102468602938,31,40.0,-9.0,-0.23102468602937876
SKU028,2025-11-09,30,30.895583239919592,30,32.0,-2.0,-0.895583239919592
SKU028,2025-11-16,40,31.28760535204842,40,33.0,7.0,8.71239464795158
SKU028,2025-11-23,39,31.302426468081666,39,30.0,9.0,7.697573531918334
SKU028,2025-11-30,34,31.76128224225616,34,41.0,-7.0,2.2387177577438386
SKU028,2025-12-07,40,35.78696435068199,40,36.0,4.0,4.213035649318009
SKU028,2025-12-14,25,35.70935747977842,25,48.0,-23.0,-10.709357479778419
SKU028,2025-12-21,22,41.699499179291756,22,45.0,-23.0,-19.699499179291756
SKU028,2025-12-28,31,35.53842053357288,31,37.0,-6.0,-4.538420533572882
SKU029,2025-08-17,113,99.82672490602441,113,107.0,6.0,13.17327509397559
SKU029,2025-08-24,114,103.40052224483699,114,106.0,8.0,10.599477755163008
SKU029,2025-08-31,103,109.02757095636036,103,99.0,4.0,-6.027570956360364
SKU029,2025-09-07,90,109.50363874075629,90,109.0,-19.0,-19.503638740756287
SKU029,2025-09-14,89,101.60217627674666,89,104.0,-15.0,-12.602176276746661
SKU029,2025-09-21,105,99.02127200447049,105,93.0,12.0,5.9787279955295105
SKU029,2025-09-28,86,94.42136283765065,86,93.0,-7.0,-8.421362837650648
SKU029,2025-10-05,78,88.54910278459776,78,98.0,-20.0,-10.549102784597764
SKU029,2025-10-12,92,89.56038208145537,92,96.0,-4.0,2.439617918544627
SKU029,2025-10-19,85,89.25211854848173,85,90.0,-5.0,-4.252118548481732
SKU029,2025-10-26,98,91.14417043900099,98,96.0,2.0,6.8558295609990125
SKU029,2025-11-02,104,90.25162317820933,104,75.0,29.0,13.748376821790671
SKU029,2025-11-09,88,97.61336838177712,88,95.0,-7.0,-9.613368381777121
SKU029,2025-11-16,98,97.98688023776113,98,110.0,-12.0,0.013119762238872568
SKU029,2025-11-23,97,93.8632193910653,97,114.0,-17.0,3.1367806089347
SKU029,2025-11-30,96,95.10762016447697,96,83.0,13.0,0.8923798355230304
SKU029,2025-12-07,87,96.96377218274168,87,110.0,-23.0,-9.963772182741678
SKU029,2025-12-14,115,94.79414537375301,115,95.0,20.0,20.20585462624699
SKU029,2025-12-21,104,106.18459215521831,104,109.0,-5.0,-2.1845921552183114
SKU029,2025-12-28,97,97.688621258253,97,96.0,1.0,-0.6886212582529936
SKU030,2025-08-17,28,32.110605674027475,28,25.0,3.0,-4.110605674027475
SKU030,2025-08-24,36,30.45257017308563,36,30.0,6.0,5.547429826914371
SKU030,2025-08-31,32,27.838446768332695,32,39.0,-7.0,4.161553231667305
SKU030,2025-09-07,26,28.634380947179295,26,26.0,0.0,-2.634380947179295
SKU030,2025-09-14,34,29.307906274818077,34,30.0,4.0,4.692093725181923
SKU030,2025-09-21,32,31.402742550724362,32,32.0,0.0,0.597257449275638
SKU030,2025-09-28,41,28.102156206137032,41,37.0,4.0,12.897843793862968
SKU030,2025-10-05,27,31.13657936685011,27,22.0,5.0,-4.1365793668501105
SKU030,2025-10-12,25,33.93682350748298,25,18.0,7.0,-8.936823507482977
SKU030,2025-10-19,32,29.355988973015727,32,31.0,1.0,2.6440110269842734
SKU030,2025-10-26,27,31.57439145825132,27,26.0,1.0,-4.57439145825132
SKU030,2025-11-02,28,30.68077367300771,28,27.0,1.0,-2.6807736730077103
SKU030,2025-11-09,25,30.666280217906102,25,28.0,-3.0,-5.6662802179061025
SKU030,2025-11-16,34,30.493694258676005,34,30.0,4.0,3.5063057413239953
SKU030,2025-11-23,33,31.18274282269622,33,30.0,3.0,1.8172571773037802
SKU030,2025-11-30,26,30.37077380025105,26,32.0,-6.0,-4.370773800251051
SKU030,2025-12-07,25,30.512845238413473,25,30.0,-5.0,-5.5128452384134725
SKU030,2025-12-14,35,30.96045439045918,35,38.0,-3.0,4.03954560954082
SKU030,2025-12-21,26,30.53130094777674,26,32.0,-6.0,-4.531300947776739
SKU030,2025-12-28,28,31.4013420871216,28,27.0,1.0,-3.4013420871215985
SKU031,2025-08-17,136,114.28379103794963,136,120.0,16.0,21.716208962050374
SKU031,2025-08-24,111,113.37270423943805,111,104.0,7.0,-2.3727042394380504
SKU031,2025-08-31,123,116.20313223979785,123,124.0,-1.0,6.796867760202147
SKU031,2025-09-07,118,117.6640432064126,118,110.0,8.0,0.3359567935873997
SKU031,2025-09-14,125,119.0465887462788,125,135.0,-10.0,5.9534112537212
SKU031,2025-09-21,118,119.22197183046204,118,123.0,-5.0,-1.2219718304620386
SKU031,2025-09-28,112,117.25903562490168,112,116.0,-4.0,-5.259035624901685
SKU031,2025-10-05,107,114.84160209692723,107,105.0,2.0,-7.841602096927232
SKU031,2025-10-12,109,114.13104666746675,109,109.0,0.0,-5.131046667466748
SKU031,2025-10-19,120,111.11569062729116,120,109.0,11.0,8.884309372708842
SKU031,2025-10-26,114,112.44522276520063,114,112.0,2.0,1.5547772347993742
SKU031,2025-11-02,110,118.36571279201829,110,129.0,-19.0,-8.365712792018286
SKU031,2025-11-09,109,108.75666967233866,109,113.0,-4.0,0.2433303276613401
SKU031,2025-11-16,131,107.45560602308608,131,105.0,26.0,23.544393976913923
SKU031,2025-11-23,113,109.59099766212287,113,113.0,0.0,3.4090023378771264
SKU031,2025-11-30,104,108.10383098709094,104,103.0,1.0,-4.103830987090944
SKU031,2025-12-07,96,109.12774246355828,96,114.0,-18.0,-13.127742463558278
SKU031,2025-12-14,104,107.374327111594,104,107.0,-3.0,-3.374327111593999
SKU031,2025-12-21,132,103.62198103055941,132,106.0,26.0,28.37801896944059
SKU031,2025-12-28,97,110.44927342462232,97,108.0,-11.0,-13.44927342462232
SKU032,2025-08-17,65,54.80046554633175,65,54.0,11.0,10.19953445366825
SKU032,2025-08-24,51,54.22713147842984,51,42.0,9.0,-3.2271314784298397
SKU032,2025-08-31,55,56.09885409080431,55,50.0,5.0,-1.0988540908043092
SKU032,2025-09-07,48,55.35687432893646,48,58.0,-10.0,-7.356874328936463
SKU032,2025-09-14,76,55.292102014555496,76,60.0,16.0,20.707897985444504
SKU032,2025-09-21,57,56.622388539733016,57,69.0,-12.0,0.37761146026698356
SKU032,2025-09-28,60,55.09134215542295,60,43.0,17.0,4.90865784457705
SKU032,2025-10-05,44,55.97127136835461,44,50.0,-6.0,-11.971271368354607
SKU032,2025-10-12,50,56.321109284839316,50,56.0,-6.0,-6.3211092848393164
SKU032,2025-10-19,48,50.683238907709864,48,49.0,-1.0,-2.683238907709864
SKU032,2025-10-26,52,51.497763365442204,52,48.0,4.0,0.5022366345577964
SKU032,2025-11-02,67,54.2871326840501,67,51.0,16.0,12.7128673159499
SKU032,2025-11-09,61,53.79230532708547,61,68.0,-7.0,7.207694672914528
SKU032,2025-11-16,54,51.83600849687159,54,53.0,1.0,2.1639915031284076
SKU032,2025-11-23,70,50.37102109757886,70,41.0,29.0,19.62897890242114
SKU032,2025-11-30,50,59.88404763797012,50,50.0,0.0,-9.88404763797012
SKU032,2025-12-07,60,55.02019112434724,60,54.0,6.0,4.979808875652758
SKU032,2025-12-14,56,60.174810718877076,56,58.0,-2.0,-4.174810718877076
SKU032,2025-12-21,68,60.72360350010206,68,59.0,9.0,7.276396499897942
SKU032,2025-12-28,51,61.26282163225518,51,64.0,-13.0,-10.262821632255182
SKU033,2025-08-17,96,104.77943884540305,96,103.0,-7.0,-8.77943884540305
SKU033,2025-08-24,113,104.16494655045152,113,109.0,4.0,8.835053449548482
SKU033,2025-08-31,115,108.52991571172959,115,107.0,8.0,6.470084288270414
SKU033,2025-09-07,97,104.88536580361037,97,109.0,-12.0,-7.8853658036103695
SKU033,2025-09-14,126,107.4602451269865,126,107.0,19.0,18.539754873013493
SKU033,2025-09-21,110,104.54013392315277,110,88.0,22.0,5.459866076847234
SKU033,2025-09-28,125,100.19916524414917,125,106.0,19.0,24.80083475585083
SKU033,2025-10-05,102,112.67334585312281,102,94.0,8.0,-10.673345853122811
SKU033,2025-10-12,88,101.47006046697295,88,95.0,-7.0,-13.470060466972953
SKU033,2025-10-19,100,100.47043436266854,100,104.0,-4.0,-0.47043436266854144
SKU033,2025-10-26,95,100.76874159022044,95,114.0,-19.0,-5.7687415902204435
SKU033,2025-11-02,95,97.32434834073861,95,118.0,-23.0,-2.3243483407386094
SKU033,2025-11-09,119,102.71259473756506,119,123.0,-4.0,16.287405262434945
SKU033,2025-11-16,116,112.54084410059491,116,103.0,13.0,3.45915589940509
SKU033,2025-11-23,120,116.55278954029964,120,109.0,11.0,3.447210459700358
SKU033,2025-11-30,121,114.20687864153246,121,86.0,35.0,6.793121358467545
SKU033,2025-12-07,117,105.29005627281526,117,107.0,10.0,11.709943727184736
SKU033,2025-12-14,109,101.67373612419966,109,127.0,-18.0,7.326263875800336
SKU033,2025-12-21,116,106.22217185309898,116,120.0,-4.0,9.777828146901015
SKU033,2025-12-28,96,105.28287035943913,96,108.0,-12.0,-9.28287035943913
SKU034,2025-08-17,135,119.12874212785992,135,120.0,15.0,15.871257872140077
SKU034,2025-08-24,103,119.22028117734354,103,95.0,8.0,-16.220281177343537
SKU034,2025-08-31,138,111.10353870413907,138,115.0,23.0,26.89646129586093
SKU034,2025-09-07,150,118.97824352128029,150,110.0,40.0,31.02175647871971
SKU034,2025-09-14,115,129.1044934597098,115,150.0,-35.0,-14.1044934597098
SKU034,2025-09-21,110,120.43268506074835,110,153.0,-43.0,-10.432685060748355
SKU034,2025-09-28,148,117.57931403168331,148,111.0,37.0,30.42068596831669
SKU034,2025-10-05,106,120.57901710698327,106,118.0,-12.0,-14.579017106983272
SKU034,2025-10-12,97,117.2423407407287,97,99.0,-2.0,-20.242340740728693
SKU034,2025-10-19,115,118.3904339138041,115,116.0,-1.0,-3.3904339138041024
SKU034,2025-10-26,101,117.45986863490533,101,111.0,-10.0,-16.459868634905334
SKU034,2025-11-02,122,117.28986414484547,122,137.0,-15.0,4.710135855154533
SKU034,2025-11-09,129,117.63830184511704,129,122.0,7.0,11.361698154882959
SKU034,2025-11-16,118,121.17816257978824,118,131.0,-13.0,-3.1781625797882356
SKU034,2025-11-23,133,123.90511685373023,133,121.0,12.0,9.094883146269765
SKU034,2025-11-30,130,126.88310722395455,130,142.0,-12.0,3.1168927760454466
SKU034,2025-12-07,147,129.4539619768985,147,128.0,19.0,17.546038023101488
SKU034,2025-12-14,118,131.06189908619507,118,137.0,-19.0,-13.06189908619507
SKU034,2025-12-21,119,130.5892205288033,119,114.0,5.0,-11.58922052880331
SKU034,2025-12-28,124,131.33246130616058,124,127.0,-3.0,-7.332461306160582
SKU035,2025-08-17,146,134.2835922179732,146,137.0,9.0,11.716407782026806
SKU035,2025-08-24,117,130.5547301139219,117,125.0,-8.0,-13.554730113921892
SKU035,2025-08-31,132,121.87095738835019,132,135.0,-3.0,10.129042611649808
SKU035,2025-09-07,147,129.4270298657306,147,120.0,27.0,17.57297013426941
SKU035,2025-09-14,119,136.193653595742,119,134.0,-15.0,-17.193653595742006
SKU035,2025-09-21,138,128.8997006722258,138,133.0,5.0,9.100299327774195
SKU035,2025-09-28,123,132.88873330675256,123,130.0,-7.0,-9.888733306752556
SKU035,2025-10-05,134,127.43949682696494,134,114.0,20.0,6.560503173035059
SKU035,2025-10-12,108,125.17933725532586,108,102.0,6.0,-17.179337255325862
SKU035,2025-10-19,129,120.09988544557125,129,126.0,3.0,8.900114554428754
SKU035,2025-10-26,135,119.89050810523477,135,102.0,33.0,15.109491894765227
SKU035,2025-11-02,117,130.5727918158486,117,119.0,-2.0,-13.572791815848603
SKU035,2025-11-09,113,128.8640620620626,113,124.0,-11.0,-15.864062062062601
SKU035,2025-11-16,124,127.92100907532006,124,117.0,7.0,-3.9210090753200575
SKU035,2025-11-23,133,126.76337069840794,133,135.0,-2.0,6.23662930159206
SKU035,2025-11-30,131,128.06916112590318,131,132.0,-1.0,2.930838874096821
SKU035,2025-12-07,128,130.44397249088712,128,135.0,-7.0,-2.44397249088712
SKU035,2025-12-14,128,133.36619979942927,128,133.0,-5.0,-5.366199799429268
SKU035,2025-12-21,127,134.1017650886063,127,134.0,-7.0,-7.1017650886062995
SKU035,2025-12-28,148,136.73349325784667,148,126.0,22.0,11.266506742153325
SKU036,2025-08-17,22,34.146555209637874,22,24.0,-2.0,-12.146555209637874
SKU036,2025-08-24,27,29.28938049656657,27,34.0,-7.0,-2.2893804965665687
SKU036,2025-08-31,43,30.566094743447145,43,28.0,15.0,12.433905256552855
SKU036,2025-09-07,28,30.75846402231254,28,33.0,-5.0,-2.758464022312541
SKU036,2025-09-14,26,28.530766545453492,26,30.0,-4.0,-2.530766545453492
SKU036,2025-09-21,35,28.932002321096274,35,28.0,7.0,6.067997678903726
SKU036,2025-09-28,27,31.15787492911574,27,32.0,-5.0,-4.157874929115739
SKU036,2025-10-05,33,29.390865975222507,33,27.0,6.0,3.609134024777493
SKU036,2025-10-12,19,29.149201235348002,19,35.0,-16.0,-10.149201235348002
SKU036,2025-10-19,19,30.792027240708123,19,29.0,-10.0,-11.792027240708123
SKU036,2025-10-26,34,30.188127720216695,34,21.0,13.0,3.811872279783305
SKU036,2025-11-02,29,27.80678424493208,29,28.0,1.0,1.1932157550679214
SKU036,2025-11-09,27,28.04415764197251,27,33.0,-6.0,-1.044157641972511
SKU036,2025-11-16,30,27.29845969517263,30,40.0,-10.0,2.7015403048273683
SKU036,2025-11-23,35,29.458956477503865,35,33.0,2.0,5.541043522496135
SKU036,2025-11-30,31,28.68248539783195,31,25.0,6.0,2.3175146021680497
SKU036,2025-12-07,27,29.144825165318963,27,26.0,1.0,-2.144825165318963
SKU036,2025-12-14,31,30.414775615590017,31,36.0,-5.0,0.5852243844099831
SKU036,2025-12-21,36,31.186813031789175,36,25.0,11.0,4.813186968210825
SKU036,2025-12-28,30,29.72874386098516,30,37.0,-7.0,0.2712561390148416
SKU037,2025-08-17,146,154.27009572809206,146,156.0,-10.0,-8.270095728092059
SKU037,2025-08-24,170,141.94732550250174,170,134.0,36.0,28.05267449749826
SKU037,2025-08-31,171,151.0522706130991,171,156.0,15.0,19.947729386900903
SKU037,2025-09-07,133,153.63507633029056,133,155.0,-22.0,-20.63507633029056
SKU037,2025-09-14,154,151.65989289785358,154,149.0,5.0,2.340107102146419
SKU037,2025-09-21,165,148.9656192573047,165,163.0,2.0,16.034380742695305
SKU037,2025-09-28,157,153.90458811595153,157,132.0,25.0,3.095411884048474
SKU037,2025-10-05,140,151.33323569240028,140,143.0,-3.0,-11.33323569240028
SKU037,2025-10-12,128,146.03871098203558,128,132.0,-4.0,-18.03871098203558
SKU037,2025-10-19,147,146.20389282567126,147,129.0,18.0,0.7961071743287391
SKU037,2025-10-26,139,140.0815598590027,139,141.0,-2.0,-1.0815598590027093
SKU037,2025-11-02,154,145.76026250336105,154,153.0,1.0,8.239737496638952
SKU037,2025-11-09,171,150.8802398179082,171,162.0,9.0,20.119760182091795
SKU037,2025-11-16,150,155.3326663079808,150,161.0,-11.0,-5.332666307980787
SKU037,2025-11-23,166,157.35481084344272,166,147.0,19.0,8.64518915655728
SKU037,2025-11-30,144,145.099459421365,144,133.0,11.0,-1.0994594213649975
SKU037,2025-12-07,155,150.49456523478256,155,171.0,-16.0,4.505434765217444
SKU037,2025-12-14,133,153.44500718713346,133,173.0,-40.0,-20.445007187133456
SKU037,2025-12-21,139,162.05703527932414,139,177.0,-38.0,-23.05703527932414
SKU037,2025-12-28,161,153.21559419961127,161,137.0,24.0,7.7844058003887255
SKU038,2025-08-17,60,47.02374988348463,60,51.0,9.0,12.976250116515367
SKU038,2025-08-24,47,49.18959320772128,47,42.0,5.0,-2.1895932077212805
SKU038,2025-08-31,49,46.338021648473614,49,48.0,1.0,2.661978351526386
SKU038,2025-09-07,48,48.94437420661207,48,58.0,-10.0,-0.9443742066120677
SKU038,2025-09-14,47,48.806044941842465,47,47.0,0.0,-1.8060449418424653
SKU038,2025-09-21,40,42.53411155812247,40,43.0,-3.0,-2.5341115581224685
SKU038,2025-09-28,49,41.64268098362654,49,37.0,12.0,7.357319016373459
SKU038,2025-10-05,40,41.50871451878674,40,41.0,-1.0,-1.5087145187867392
SKU038,2025-10-12,48,40.83669320206162,48,37.0,11.0,7.163306797938382
SKU038,2025-10-19,44,43.94727408290906,44,52.0,-8.0,0.05272591709093888
SKU038,2025-10-26,44,41.53737527342311,44,45.0,-1.0,2.462624726576891
SKU038,2025-11-02,37,43.358702346872406,37,55.0,-18.0,-6.3587023468724055
SKU038,2025-11-09,50,42.27229888922149,50,34.0,16.0,7.727701110778511
SKU038,2025-11-16,48,45.684837871408455,48,52.0,-4.0,2.3151621285915454
SKU038,2025-11-23,61,46.13573865255365,61,49.0,12.0,14.864261347446352
SKU038,2025-11-30,61,46.090879394574976,61,34.0,27.0,14.909120605425024
SKU038,2025-12-07,39,47.96877874279028,39,55.0,-16.0,-8.968778742790278
SKU038,2025-12-14,49,48.418057637491835,49,56.0,-7.0,0.5819423625081654
SKU038,2025-12-21,49,50.62046979219569,49,45.0,4.0,-1.620469792195692
SKU038,2025-12-28,56,46.355852249931196,56,45.0,11.0,9.644147750068804
SKU039,2025-08-17,20,23.7172130277069,20,24.0,-4.0,-3.717213027706901
SKU039,2025-08-24,18,25.46526803032226,18,29.0,-11.0,-7.46526803032226
SKU039,2025-08-31,13,16.834459547640055,13,16.0,-3.0,-3.834459547640055
SKU039,2025-09-07,17,15.991702703484819,17,26.0,-9.0,1.008297296515181
SKU039,2025-09-14,20,17.045158738578998,20,22.0,-2.0,2.9548412614210022
SKU039,2025-09-21,18,19.237131377407817,18,22.0,-4.0,-1.2371313774078168
SKU039,2025-09-28,25,20.719933487976178,25,24.0,1.0,4.280066512023822
SKU039,2025-10-05,26,19.3739442726788,26,16.0,10.0,6.6260557273212015
SKU039,2025-10-12,17,16.86301797853855,17,9.0,8.0,0.13698202146144922
SKU039,2025-10-19,16,19.391203747764518,16,18.0,-2.0,-3.391203747764518
SKU039,2025-10-26,19,16.462364502518692,19,19.0,0.0,2.5376354974813076
SKU039,2025-11-02,18,17.489267961887375,18,21.0,-3.0,0.510732038112625
SKU039,2025-11-09,18,22.28371014170607,18,24.0,-6.0,-4.28371014170607
SKU039,2025-11-16,24,22.43363521582929,24,18.0,6.0,1.566364784170709
SKU039,2025-11-23,18,17.83804802200282,18,24.0,-6.0,0.1619519779971803
SKU039,2025-11-30,13,18.896169523254514,13,11.0,2.0,-5.896169523254514
SKU039,2025-12-07,23,18.074919911502615,23,14.0,9.0,4.925080088497385
SKU039,2025-12-14,15,17.994547008097896,15,17.0,-2.0,-2.9945470080978964
SKU039,2025-12-21,12,18.724853158453023,12,13.0,-1.0,-6.724853158453023
SKU039,2025-12-28,21,18.600911488592867,21,16.0,5.0,2.3990885114071325
SKU040,2025-08-17,92,92.89232390028823,92,109.0,-17.0,-0.8923239002882326
SKU040,2025-08-24,110,91.56293743233272,110,110.0,0.0,18.437062567667283
SKU040,2025-08-31,99,101.36023250796345,99,85.0,14.0,-2.3602325079634454
SKU040,2025-09-07,105,91.74647232990088,105,94.0,11.0,13.253527670099118
SKU040,2025-09-14,106,97.35789130569958,106,109.0,-3.0,8.642108694300418
SKU040,2025-09-21,109,96.25900075189365,109,89.0,20.0,12.740999248106348
SKU040,2025-09-28,87,100.36684723204297,87,84.0,3.0,-13.366847232042971
SKU040,2025-10-05,76,93.91954440265376,76,91.0,-15.0,-17.919544402653756
SKU040,2025-10-12,82,87.3266570164785,82,93.0,-11.0,-5.3266570164785065
SKU040,2025-10-19,81,89.80174510212811,81,96.0,-15.0,-8.801745102128109
SKU040,2025-10-26,91,89.39129112902086,91,92.0,-1.0,1.608708870979143
SKU040,2025-11-02,103,91.96566257009403,103,89.0,14.0,11.034337429905975
SKU040,2025-11-09,89,97.54246502181445,89,114.0,-25.0,-8.54246502181445
SKU040,2025-11-16,98,95.45736375291268,98,101.0,-3.0,2.542636247087316
SKU040,2025-11-23,86,91.51037758166505,86,92.0,-6.0,-5.510377581665054
SKU040,2025-11-30,76,89.73037223288097,76,92.0,-16.0,-13.730372232880967
SKU040,2025-12-07,103,83.83375298877385,103,97.0,6.0,19.166247011226147
SKU040,2025-12-14,101,91.87932258788153,101,90.0,11.0,9.120677412118468
SKU040,2025-12-21,93,96.71983808572676,93,99.0,-6.0,-3.7198380857267637
SKU040,2025-12-28,76,95.45669228090468,76,103.0,-27.0,-19.456692280904676
SKU041,2025-08-17,81,66.83458391959402,81,71.0,10.0,14.165416080405976
SKU041,2025-08-24,66,66.47034944246543,66,67.0,-1.0,-0.47034944246543375
SKU041,2025-08-31,80,67.95672538038203,80,77.0,3.0,12.043274619617975
SKU041,2025-09-07,72,71.9133088581771,72,63.0,9.0,0.08669114182289661
SKU041,2025-09-14,58,70.73649471719513,58,66.0,-8.0,-12.736494717195129
SKU041,2025-09-21,66,69.45786081686516,66,74.0,-8.0,-3.457860816865164
SKU041,2025-09-28,62,67.3271122265076,62,62.0,0.0,-5.3271122265075945
SKU041,2025-10-05,67,65.22577449134666,67,62.0,5.0,1.7742255086533447
SKU041,2025-10-12,54,64.10285206591304,54,82.0,-28.0,-10.10285206591304
SKU041,2025-10-19,62,65.92441639917851,62,63.0,-1.0,-3.9244163991785115
SKU041,2025-10-26,52,64.60146610014677,52,63.0,-11.0,-12.601466100146766
SKU041,2025-11-02,67,58.32159248752499,67,66.0,1.0,8.678407512475012
SKU041,2025-11-09,79,57.48108731605133,79,75.0,4.0,21.51891268394867
SKU041,2025-11-16,65,60.63885176936281,65,65.0,0.0,4.361148230637191
SKU041,2025-11-23,52,64.23398263184215,52,62.0,-10.0,-12.233982631842153
SKU041,2025-11-30,83,62.421951607244615,83,66.0,17.0,20.578048392755385
SKU041,2025-12-07,78,70.27584218001655,78,75.0,3.0,7.724157819983446
SKU041,2025-12-14,66,73.26705278909175,66,54.0,12.0,-7.26705278909175
SKU041,2025-12-21,71,75.94902847791843,71,79.0,-8.0,-4.949028477918432
SKU041,2025-12-28,70,75.98363829417298,70,80.0,-10.0,-5.983638294172977
SKU042,2025-08-17,142,147.6112891279902,142,141.0,1.0,-5.611289127990204
SKU042,2025-08-24,154,145.19158171412406,154,126.0,28.0,8.808418285875945
SKU042,2025-08-31,162,146.25477946369617,162,147.0,15.0,15.745220536303833
SKU042,2025-09-07,146,150.86660958868632,146,147.0,-1.0,-4.866609588686316
SKU042,2025-09-14,149,148.76592195718825,149,126.0,23.0,0.2340780428117455
SKU042,2025-09-21,169,152.0787209445635,169,147.0,22.0,16.921279055436486
SKU042,2025-09-28,123,149.30795980331698,123,133.0,-10.0,-26.307959803316976
SKU042,2025-10-05,132,141.29064612595297,132,120.0,12.0,-9.290646125952975
SKU042,2025-10-12,137,132.97771951255172,137,125.0,12.0,4.022280487448285
SKU042,2025-10-19,138,132.99566107679505,138,131.0,7.0,5.004338923204955
SKU042,2025-10-26,117,137.855527335998,117,114.0,3.0,-20.855527335998005
SKU042,2025-11-02,134,136.7195770158387,134,136.0,-2.0,-2.719577015838695
SKU042,2025-11-09,141,134.55218820111833,141,121.0,20.0,6.447811798881673
SKU042,2025-11-16,132,137.5026226970869,132,148.0,-16.0,-5.502622697086906
SKU042,2025-11-23,124,134.9181978750302,124,138.0,-14.0,-10.918197875030188
SKU042,2025-11-30,142,138.4622284239461,142,133.0,9.0,3.537771576053899
SKU042,2025-12-07,156,137.19658802118187,156,159.0,-3.0,18.803411978818133
SKU042,2025-12-14,125,137.3402952772574,125,132.0,-7.0,-12.340295277257411
SKU042,2025-12-21,173,136.27627247537984,173,122.0,51.0,36.72372752462016
SKU042,2025-12-28,148,151.6154739147335,148,158.0,-10.0,-3.6154739147335135
SKU043,2025-08-17,142,145.02908696939386,142,136.0,6.0,-3.029086969393859
SKU043,2025-08-24,130,134.64452297819236,130,123.0,7.0,-4.644522978192356
SKU043,2025-08-31,139,129.9486303267962,139,140.0,-1.0,9.051369673203794
SKU043,2025-09-07,133,136.73866953635468,133,148.0,-15.0,-3.738669536354678
SKU043,2025-09-14,143,138.27562331272196,143,124.0,19.0,4.724376687278038
SKU043,2025-09-21,143,137.08230226106247,143,136.0,7.0,5.917697738937534
SKU043,2025-09-28,121,136.57725928002225,121,140.0,-19.0,-15.577259280022247
SKU043,2025-10-05,115,129.6742499318899,115,130.0,-15.0,-14.674249931889904
SKU043,2025-10-12,125,126.89527340526537,125,113.0,12.0,-1.895273405265371
SKU043,2025-10-19,123,124.55788298413478,123,121.0,2.0,-1.5578829841347783
SKU043,2025-10-26,117,120.66398571627408,117,132.0,-15.0,-3.663985716274084
SKU043,2025-11-02,147,124.57904876010242,147,130.0,17.0,22.420951239897576
SKU043,2025-11-09,148,131.51180184487666,148,128.0,20.0,16.488198155123342
SKU043,2025-11-16,145,139.06094395960122,145,140.0,5.0,5.939056040398782
SKU043,2025-11-23,144,140.9392861901894,144,142.0,2.0,3.0607138098106077
SKU043,2025-11-30,113,143.81460410660196,113,127.0,-14.0,-30.814604106601962
SKU043,2025-12-07,127,136.87525225453712,127,147.0,-20.0,-9.875252254537116
SKU043,2025-12-14,142,137.5712140414666,142,133.0,9.0,4.42878595853341
SKU043,2025-12-21,132,137.7610275411795,132,133.0,-1.0,-5.761027541179487
SKU043,2025-12-28,126,132.68709450799398,126,131.0,-5.0,-6.687094507993976
SKU044,2025-08-17,61,68.42367351611288,61,76.0,-15.0,-7.423673516112885
SKU044,2025-08-24,70,65.64010942685853,70,55.0,15.0,4.35989057314147
SKU044,2025-08-31,51,63.10149259270128,51,70.0,-19.0,-12.101492592701277
SKU044,2025-09-07,56,63.524744939549926,56,60.0,-4.0,-7.524744939549926
SKU044,2025-09-14,61,61.46203208143712,61,63.0,-2.0,-0.4620320814371226
SKU044,2025-09-21,47,60.347362984203656,47,56.0,-9.0,-13.347362984203656
SKU044,2025-09-28,66,52.257693992986596,66,68.0,-2.0,13.742306007013404
SKU044,2025-10-05,50,57.24156753486545,50,48.0,2.0,-7.241567534865453
SKU044,2025-10-12,49,56.35217745861879,49,57.0,-8.0,-7.35217745861879
SKU044,2025-10-19,56,50.371961921054535,56,61.0,-5.0,5.628038078945465
SKU044,2025-10-26,53,52.890979325831374,53,57.0,-4.0,0.10902067416862593
SKU044,2025-11-02,60,56.15020050972048,60,59.0,1.0,3.8497994902795227
SKU044,2025-11-09,58,51.67320802618329,58,48.0,10.0,6.326791973816711
SKU044,2025-11-16,53,52.78513900721052,53,54.0,-1.0,0.21486099278948245
SKU044,2025-11-23,46,54.52224476786164,46,44.0,2.0,-8.522244767861643
SKU044,2025-11-30,57,54.954247500728904,57,59.0,-2.0,2.045752499271096
SKU044,2025-12-07,52,51.92560296207003,52,50.0,2.0,0.07439703792996966
SKU044,2025-12-14,57,54.18542790896446,57,54.0,3.0,2.8145720910355365
SKU044,2025-12-21,61,52.64734378826938,61,52.0,9.0,8.352656211730618
SKU044,2025-12-28,61,56.90686192630799,61,60.0,1.0,4.09313807369201
SKU045,2025-08-17,155,148.2510754339489,155,197.0,-42.0,6.748924566051102
SKU045,2025-08-24,159,150.3655221600603,159,130.0,29.0,8.634477839939706
SKU045,2025-08-31,138,162.64680435081962,138,158.0,-20.0,-24.64680435081962
SKU045,2025-09-07,163,149.3299431581091,163,159.0,4.0,13.670056841890897
SKU045,2025-09-14,171,151.478801950735,171,154.0,17.0,19.521198049264996
SKU045,2025-09-21,147,151.63519772498816,147,152.0,-5.0,-4.63519772498816
SKU045,2025-09-28,162,154.73176135372532,162,178.0,-16.0,7.268238646274682
SKU045,2025-10-05,142,146.4665039299833,142,139.0,3.0,-4.466503929983304
SKU045,2025-10-12,123,146.69908160029408,123,131.0,-8.0,-23.69908160029408
SKU045,2025-10-19,120,132.5229616718427,120,142.0,-22.0,-12.522961671842694
SKU045,2025-10-26,143,132.59796159132895,143,173.0,-30.0,10.402038408671046
SKU045,2025-11-02,143,145.09440127565003,143,145.0,-2.0,-2.0944012756500285
SKU045,2025-11-09,154,146.94255158969608,154,143.0,11.0,7.05744841030392
SKU045,2025-11-16,150,151.6260726204033,150,170.0,-20.0,-1.6260726204033062
SKU045,2025-11-23,155,155.06512429331158,155,162.0,-7.0,-0.06512429331158387
SKU045,2025-11-30,164,154.92561684412354,164,161.0,3.0,9.074383155876461
SKU045,2025-12-07,166,151.0235328469564,166,151.0,15.0,14.976467153043586
SKU045,2025-12-14,152,150.03061216238822,152,149.0,3.0,1.9693878376117766
SKU045,2025-12-21,123,151.95859202383636,123,159.0,-36.0,-28.95859202383636
SKU045,2025-12-28,157,155.2221843876296,157,190.0,-33.0,1.7778156123704036
SKU046,2025-08-17,64,67.61497516214551,64,59.0,5.0,-3.6149751621455124
SKU046,2025-08-24,54,62.037472484749074,54,60.0,-6.0,-8.037472484749074
SKU046,2025-08-31,58,62.13239251125188,58,55.0,3.0,-4.132392511251879
SKU046,2025-09-07,53,62.909171018482645,53,60.0,-7.0,-9.909171018482645
SKU046,2025-09-14,56,57.42948226336125,56,56.0,0.0,-1.4294822633612512
SKU046,2025-09-21,61,55.1546921582289,61,54.0,7.0,5.845307841771103
SKU046,2025-09-28,73,57.74659142295636,73,56.0,17.0,15.253408577043643
SKU046,2025-10-05,62,54.331978355874405,62,54.0,8.0,7.668021644125595
SKU046,2025-10-12,47,58.896396483524754,47,60.0,-13.0,-11.896396483524754
SKU046,2025-10-19,40,57.672273527596445,40,42.0,-2.0,-17.672273527596445
SKU046,2025-10-26,50,55.331605685051535,50,40.0,10.0,-5.331605685051535
SKU046,2025-11-02,64,53.62825607520997,64,55.0,9.0,10.371743924790032
SKU046,2025-11-09,49,54.95393960169071,49,56.0,-7.0,-5.953939601690713
SKU046,2025-11-16,56,53.695021166060364,56,69.0,-13.0,2.3049788339396358
SKU046,2025-11-23,53,52.62627019687207,53,60.0,-7.0,0.37372980312792947
SKU046,2025-11-30,52,56.0814997493542,52,48.0,4.0,-4.081499749354201
SKU046,2025-12-07,56,57.3328055319295,56,51.0,5.0,-1.3328055319295018
SKU046,2025-12-14,66,54.84460583353575,66,63.0,3.0,11.155394166464248
SKU046,2025-12-21,57,54.92200579695921,57,59.0,-2.0,2.077994203040788
SKU046,2025-12-28,58,57.30597913391027,58,66.0,-8.0,0.6940208660897298
SKU047,2025-08-17,101,101.09625900473696,101,66.0,35.0,-0.09625900473696447
SKU047,2025-08-24,86,101.39075416936035,86,101.0,-15.0,-15.39075416936035
SKU047,2025-08-31,92,94.55554867913823,92,110.0,-18.0,-2.5555486791382265
SKU047,2025-09-07,103,93.24738455539264,103,96.0,7.0,9.752615444607358
SKU047,2025-09-14,78,92.83294578072997,78,75.0,3.0,-14.832945780729972
SKU047,2025-09-21,87,87.65437480276849,87,94.0,-7.0,-0.654374802768487
SKU047,2025-09-28,94,90.88300015154746,94,115.0,-21.0,3.1169998484525365
SKU047,2025-10-05,77,89.94448561136755,77,75.0,2.0,-12.944485611367554
SKU047,2025-10-12,81,88.04108004353762,81,93.0,-12.0,-7.041080043537619
SKU047,2025-10-19,76,81.48172463048785,76,84.0,-8.0,-5.481724630487847
SKU047,2025-10-26,75,79.56361167097948,75,79.0,-4.0,-4.563611670979483
SKU047,2025-11-02,101,86.17989229670107,101,93.0,8.0,14.82010770329893
SKU047,2025-11-09,102,84.83745235755141,102,93.0,9.0,17.162547642448587
SKU047,2025-11-16,101,89.64376254428105,101,82.0,19.0,11.356237455718954
SKU047,2025-11-23,81,92.20603566672624,81,85.0,-4.0,-11.206035666726237
SKU047,2025-11-30,90,90.04465517568677,90,78.0,12.0,-0.044655175686770576
SKU047,2025-12-07,108,88.67923260674749,108,78.0,30.0,19.32076739325251
SKU047,2025-12-14,86,98.40420896019451,86,85.0,1.0,-12.40420896019451
SKU047,2025-12-21,100,95.38461539598853,100,92.0,8.0,4.615384604011467
SKU047,2025-12-28,88,95.24582011624938,88,82.0,6.0,-7.2458201162493765
SKU048,2025-08-17,35,50.49342941514518,35,59.0,-24.0,-15.49342941514518
SKU048,2025-08-24,45,45.73037395640794,45,59.0,-14.0,-0.7303739564079379
SKU048,2025-08-31,60,40.96853889410898,60,65.0,-5.0,19.03146110589102
SKU048,2025-09-07,57,49.213213729181625,57,41.0,16.0,7.786786270818375
SKU048,2025-09-14,58,52.19411439996994,58,63.0,-5.0,5.805885600030059
SKU048,2025-09-21,54,53.86280130858584,54,56.0,-2.0,0.13719869141416297
SKU048,2025-09-28,50,50.49715683773847,50,48.0,2.0,-0.49715683773847275
SKU048,2025-10-05,46,53.92483556478053,46,47.0,-1.0,-7.92483556478053
SKU048,2025-10-12,51,50.590730777545424,51,51.0,0.0,0.40926922245457575
SKU048,2025-10-19,59,53.49454963952463,59,51.0,8.0,5.505450360475372
SKU048,2025-10-26,31,50.92506587728081,31,53.0,-22.0,-19.925065877280808
SKU048,2025-11-02,61,49.879397266234285,61,63.0,-2.0,11.120602733765715
SKU048,2025-11-09,63,54.46323301958101,63,45.0,18.0,8.536766980418989
SKU048,2025-11-16,47,53.53304740102889,47,57.0,-10.0,-6.533047401028888
SKU048,2025-11-23,63,52.977395721467566,63,55.0,8.0,10.022604278532434
SKU048,2025-11-30,36,54.39599270977426,36,56.0,-20.0,-18.395992709774262
SKU048,2025-12-07,57,54.098947571343196,57,50.0,7.0,2.9010524286568042
SKU048,2025-12-14,55,56.30984873566677,55,55.0,0.0,-1.309848735666769
SKU048,2025-12-21,58,56.08432979676492,58,41.0,17.0,1.9156702032350807
SKU048,2025-12-28,40,55.02293069367401,40,62.0,-22.0,-15.022930693674013
SKU049,2025-08-17,163,154.26319028252956,163,151.0,12.0,8.736809717470436
SKU049,2025-08-24,145,156.36793099277443,145,138.0,7.0,-11.367930992774433
SKU049,2025-08-31,159,147.5092193207754,159,156.0,3.0,11.4907806792246
SKU049,2025-09-07,152,151.45087540475495,152,152.0,0.0,0.549124595245047
SKU049,2025-09-14,167,155.0146509065267,167,164.0,3.0,11.985349093473303
SKU049,2025-09-21,158,149.56564953240573,158,150.0,8.0,8.434350467594271
SKU049,2025-09-28,168,163.29675207065313,168,178.0,-10.0,4.7032479293468725
SKU049,2025-10-05,142,144.00385884385665,142,147.0,-5.0,-2.003858843856648
SKU049,2025-10-12,137,145.26351023495653,137,151.0,-14.0,-8.263510234956527
SKU049,2025-10-19,152,144.71820419973054,152,129.0,23.0,7.281795800269464
SKU049,2025-10-26,138,150.9029851991365,138,148.0,-10.0,-12.90298519913651
SKU049,2025-11-02,150,151.1983839423738,150,140.0,10.0,-1.1983839423737948
SKU049,2025-11-09,152,147.4375290974915,152,160.0,-8.0,4.562470902508494
SKU049,2025-11-16,160,151.64824240005626,160,141.0,19.0,8.351757599943738
SKU049,2025-11-23,139,150.68377286565757,139,136.0,3.0,-11.683772865657573
SKU049,2025-11-30,159,151.74166184012924,159,145.0,14.0,7.25833815987076
SKU049,2025-12-07,167,152.77018380211044,167,149.0,18.0,14.229816197889562
SKU049,2025-12-14,171,149.93835537373377,171,150.0,21.0,21.06164462626623
SKU049,2025-12-21,147,153.29343873050027,147,161.0,-14.0,-6.29343873050027
SKU049,2025-12-28,166,154.97255974274614,166,135.0,31.0,11.027440257253858
SKU050,2025-08-17,43,40.36190116097835,43,49.0,-6.0,2.6380988390216515
SKU050,2025-08-24,35,39.60948105078722,35,29.0,6.0,-4.609481050787217
SKU050,2025-08-31,34,37.95772333651538,34,37.0,-3.0,-3.9577233365153788
SKU050,2025-09-07,29,37.31094950103846,29,37.0,-8.0,-8.310949501038458
SKU050,2025-09-14,33,39.15244692229432,33,52.0,-19.0,-6.152446922294317
SKU050,2025-09-21,30,34.79913135513386,30,27.0,3.0,-4.799131355133859
SKU050,2025-09-28,38,34.50750902734682,38,25.0,13.0,3.4924909726531794
SKU050,2025-10-05,35,34.21044142680307,35,34.0,1.0,0.7895585731969277
SKU050,2025-10-12,39,36.876905777268654,39,33.0,6.0,2.1230942227313463
SKU050,2025-10-19,31,33.855810875716905,31,38.0,-7.0,-2.855810875716905
SKU050,2025-10-26,31,37.05719776521782,31,38.0,-7.0,-6.057197765217822
SKU050,2025-11-02,32,36.18549106266559,32,36.0,-4.0,-4.185491062665591
SKU050,2025-11-09,46,37.14033320411204,46,54.0,-8.0,8.85966679588796
SKU050,2025-11-16,40,36.44665566383841,40,48.0,-8.0,3.5533443361615866
SKU050,2025-11-23,41,37.95043836149478,41,39.0,2.0,3.0495616385052173
SKU050,2025-11-30,30,38.463551398059074,30,37.0,-7.0,-8.463551398059074
SKU050,2025-12-07,40,41.11000658023149,40,33.0,7.0,-1.1100065802314916
SKU050,2025-12-14,34,37.21616008336892,34,37.0,-3.0,-3.2161600833689192
SKU050,2025-12-21,34,41.666060338364154,34,32.0,2.0,-7.666060338364154
SKU050,2025-12-28,49,39.819602520955705,49,54.0,-5.0,9.180397479044295
